label,pred
1,1.4304687e-14
1,0
1,0
1,0
1,8.641964e-14
1,4.1136617e-15
1,4.1136617e-15
1,0
1,0
1,0
1,4.8762168e-11
1,0
1,0.9999234
1,0
1,0
1,0
1,0
1,1.0499728e-12
1,0
1,0
1,0
1,0
1,0
1,0
1,0
1,0
1,0
1,0
1,0
1,0
1,0
1,0
1,0
1,0
1,0
1,0
1,0
1,0
1,0
1,0
1,0
1,0
1,0
1,0
1,0
1,0
1,0
1,0
1,0
1,0
1,0
1,0
1,0
1,0
1,0
1,0
1,0
1,0
1,0
1,0
1,0
1,0
1,0
1,0
1,0
1,0
1,6.8294584e-22
1,1.2035989e-06
1,9.578648e-08
1,2.4604306e-08
1,1.907345e-14
1,2.1215822e-08
1,5.0886834e-10
1,0.9999872
1,2.390748e-12
1,1.5918896e-19
1,1.00565044e-13
1,1.22522055e-08
1,1.1226101e-09
1,2.7527907e-08
1,0.96827954
1,0.50546235
1,0.17176202
1,1.4837165e-10
1,0.997228
1,2.3346576e-05
1,4.0537734e-12
1,2.4246594e-06
1,1.4319617e-06
1,7.5759884e-12
1,6.9315953e-10
1,0.999988
1,9.867437e-06
1,0.9999564
1,8.595321e-11
1,1.6582558e-13
1,0.31702858
1,1.2628059e-08
1,6.536271e-23
1,1.1446349e-20
1,1.686079e-14
1,5.7749245e-09
1,1.7905855e-14
1,2.477794e-08
1,1.4360867e-19
1,1.5909898e-11
1,5.0263946e-11
1,3.9775174e-09
1,1.5876291e-23
1,1.3794371e-05
1,0
1,1.3926762e-08
1,0.00016431368
1,0
1,0.0013094546
1,1.574556e-08
1,2.5314748e-08
1,4.03237e-06
1,0.99996203
1,0.9999911
1,3.569916e-05
1,1.7246916e-10
1,3.7697593e-08
1,4.9193453e-12
1,0.6513616
1,1.2240865e-10
1,0.80561864
1,4.450003e-08
1,7.2701483e-19
1,3.7249126e-10
1,0.9999884
1,1.03805714e-20
1,5.106272e-05
1,0.8589382
1,0
1,1.9155185e-12
1,0
1,6.07282e-18
1,0
1,0
1,0.99975145
1,0.00030171953
1,0.0041185883
1,1.2292921e-09
1,4.7404568e-14
1,4.84317e-06
1,2.5163802e-14
1,0.9999688
1,4.6142975e-07
1,1.9095694e-09
1,0.9999489
1,0.9999266
1,8.4711516e-11
1,0.99992007
1,0.9999998
1,1.1166216e-08
1,6.802267e-13
1,7.2966976e-15
1,5.8419206e-16
1,2.2880643e-12
1,3.05592e-07
1,0.9974483
1,0.88895905
1,0.99929
1,4.340814e-08
1,0.9962448
1,0.99737436
1,0.9879243
1,0.999773
1,3.829166e-12
1,2.6303526e-10
1,7.933213e-11
1,0.9997575
1,0.99971735
1,0.99971867
1,0.99998814
1,0.99992305
1,5.429436e-07
1,1.0478293e-06
1,1.7083268e-08
1,5.613064e-05
1,1.7145717e-07
1,1.1034899e-07
1,1.6994385e-10
1,4.9869088e-11
1,2.1594693e-10
1,2.761112e-13
1,5.1469226e-07
1,0.99999064
1,5.699465e-09
1,0.9999973
1,6.2317795e-08
1,4.1644227e-10
1,0.9999967
1,3.4798796e-07
1,0
1,0.99999696
1,1.0437686e-09
1,0
1,7.012501e-18
1,0.999953
1,5.0552773e-17
1,9.569686e-09
1,0.9836247
1,0.9999961
1,0.99997777
1,3.8788046e-05
1,0.99999624
1,2.8523373e-09
1,9.964226e-09
1,3.959409e-09
1,0.9999842
1,0.96571
1,1.1509578e-07
1,5.8737646e-12
1,2.0052862e-11
1,1.5314468e-05
1,3.175185e-13
1,0
1,8.205778e-11
1,6.5316437e-09
1,5.281315e-11
1,7.4476325e-06
1,4.1207063e-06
1,1.9989587e-12
1,0.8112667
1,0
1,0.9999555
1,1.3675926e-10
1,0.99381274
1,0.99999994
1,0.99779713
1,0.99975204
1,8.442791e-08
1,0.9986492
1,4.369622e-06
1,1.0382215e-08
1,4.456752e-25
1,0.00044893133
1,0
1,0
1,0
1,0.94982547
1,7.912271e-33
1,5.19673e-29
1,1.3623062e-34
1,0.99999994
1,0.99997026
1,0
1,1.6916176e-13
1,0.9997431
1,0.99999994
1,0.99996287
1,0.9999476
1,0.9999767
1,0.99999946
1,1.26260815e-08
1,2.674476e-06
1,0
1,1.2513826e-07
1,0.99999994
1,1.02362044e-07
1,0.9999909
1,1.9226554e-19
1,5.7095374e-11
1,0.99999946
1,7.315539e-11
1,8.0809334e-13
1,0.0
1,9.115197e-07
1,8.7529266e-08
1,0.9994472
1,1.6482328e-17
1,2.4013082e-16
1,0.99940455
1,8.3881774e-10
1,0.0
1,8.60409e-09
1,0
1,0.99895036
1,6.72809e-08
1,1.7441543e-09
1,8.9256164e-10
1,5.733993e-13
1,1.5414326e-08
1,1.6392808e-10
1,1.2258775e-34
1,0.03984454
1,0.9999816
1,0.9999899
1,4.6278718e-08
1,0.99993235
1,7.5516475e-08
1,0.99955755
1,3.4556013e-12
1,3.584534e-14
1,0.99996287
1,1.926103e-17
1,0.21517624
1,6.082229e-11
1,0.9999998
1,6.1989074e-11
1,7.1278587e-25
1,0.008593918
1,0.9999998
1,3.6131092e-15
1,7.951107e-09
1,0.999994
1,0.0
1,0.9995921
1,1.0663028e-07
1,1.6069399e-07
1,4.802897e-08
1,0
1,0
1,0.9999977
1,1.133065e-31
1,2.9044982e-11
1,1.1084609e-17
1,2.1222275e-26
1,2.6299347e-26
1,0
1,3.0259082e-07
1,0
1,0.99972105
1,9.677583e-06
1,3.474904e-10
1,0.9071141
1,5.333789e-13
1,3.8725253e-07
1,0
1,0.9999077
1,0
1,1.6329018e-17
1,3.1258026e-08
1,5.3392074e-07
1,1.6173675e-12
1,0.9309232
1,0.9999196
1,3.3382163e-15
1,4.423671e-06
1,1.0903015e-07
1,3.498157e-08
1,1.3155381e-09
1,1.1696067e-11
1,9.564054e-12
1,3.854455e-11
1,7.180703e-07
1,3.6838067e-11
1,1.5299498e-09
1,0.99999994
1,0.0
1,0.99999994
1,1.4357043e-16
1,3.059941e-08
1,0
1,8.800691e-17
1,1.02625956e-10
1,1.4459324e-13
1,0.9998997
1,1.4659357e-12
1,0.9999626
1,0
1,0.9999997
1,1.6492116e-07
1,1.3023482e-11
1,1.962909e-08
1,0.9999996
1,0.9997921
1,4.1455952e-15
1,8.822668e-26
1,1.65453e-30
1,0.0
1,1.44588735e-33
1,4.93331e-28
1,1.4666112e-31
1,6.046768e-22
1,3.004534e-21
1,3.071397e-35
1,8.650304e-18
1,0.0
1,4.2143224e-22
1,1.0928721e-10
1,2.4381341e-10
1,0.0
1,1.5001682e-06
1,2.495963e-07
1,0.9859072
1,0.9962102
1,1.2683578e-11
1,4.3222752e-16
1,1.9832457e-14
1,3.4537223e-12
1,0.9999934
1,0.000501951
1,3.7089076e-09
1,2.7744193e-08
1,3.0510904e-12
1,7.486081e-06
1,1.5450109e-09
1,5.0957e-11
1,3.010864e-13
1,4.2082227e-11
1,1.8648066e-06
1,8.98021e-06
1,7.270446e-08
1,6.170942e-10
1,4.8905954e-06
1,9.914681e-07
1,1.0015809e-10
1,5.7534283e-10
1,4.0295603e-07
1,2.086695e-06
1,3.5022427e-10
1,1.1470319e-07
1,3.074576e-11
1,1.9001631e-10
1,7.10977e-06
1,5.1187716e-09
1,0.00016143717
1,0.99926853
1,0.99999994
1,0.9999965
1,0
1,2.9941154e-15
1,6.818159e-15
1,0.99794954
1,2.139029e-08
1,0.028072484
1,0.99404305
1,2.7777108e-10
1,0.9998486
1,1.3368358e-12
1,1.2254162e-08
1,9.2377095e-14
1,0.999988
1,2.1324342e-14
1,9.468529e-10
1,1.3486783e-16
1,4.876838e-32
1,1.7600804e-10
1,8.022275e-11
1,8.064511e-13
1,0
1,0.99999994
1,0.99999994
1,0.99999994
1,0
1,1.07247205e-13
1,3.5329893e-18
1,0.9951551
1,5.322519e-09
1,1.5253143e-21
1,1.6014645e-06
1,0.9999985
1,3.331886e-15
1,1.5928815e-15
1,3.607885e-17
1,2.838829e-17
1,2.3817425e-14
1,0.9999972
1,0.00010498011
1,0
1,0.9999624
1,0.99999994
1,0.99999994
1,0.9996902
1,0
1,0.99999994
1,5.7370545e-12
1,4.7148234e-07
1,2.12416e-14
1,0.9996946
1,2.4705419e-06
1,1.18044845e-07
1,1.1922807e-13
1,1.535941e-08
1,6.2599974e-09
1,0.99999994
1,4.2644978e-16
1,1.993999e-07
1,2.948871e-08
1,0
1,5.3175936e-10
1,1.15339105e-07
1,4.426808e-06
1,0.9998541
1,1.8932135e-13
1,0.99991006
1,0.0
1,4.8493484e-11
1,0.9995703
1,1.3901777e-18
1,3.2089016e-08
1,5.531103e-07
1,5.94382e-08
1,5.662572e-09
1,7.381725e-09
1,0.9816404
1,0.91666037
1,4.287275e-27
1,0.9989841
1,3.306032e-11
1,4.6492776e-16
1,0.9995907
1,0.999774
1,0.9998057
1,0.999471
1,0.99157196
1,0.9999936
1,1.0480666e-08
1,9.489488e-05
1,3.780405e-11
1,1.1658002e-06
1,0.9754006
1,0.99553174
1,6.098635e-12
1,2.0670707e-09
1,4.5005995e-11
1,4.0281858e-19
1,0.9935887
1,8.897157e-10
1,1.3031462e-12
1,4.209137e-08
1,0
1,0.999983
1,6.3716845e-09
1,0.9999259
1,0.9999805
1,0.88181835
1,1.6573508e-12
1,4.1368317e-08
1,5.4245364e-09
1,4.2144435e-17
1,5.5890516e-05
1,0.99999994
1,0.93291426
1,0.96633303
1,0.9883719
1,8.7899124e-08
1,3.307843e-17
1,2.8473396e-17
1,0
1,2.7239e-13
1,6.8850192e-15
1,1.2805212e-12
1,8.861915e-14
1,1.1003568e-13
1,3.754967e-09
1,0.9974129
1,0
1,1.2078293e-07
1,7.897427e-09
1,0.9999992
1,0.99999994
1,4.421685e-08
1,0
1,0.99999994
1,1.410498e-16
1,3.9656836e-05
1,9.976348e-14
1,6.207763e-05
1,2.6452053e-13
1,2.6069574e-10
1,6.573636e-13
1,0.00047512795
1,9.87311e-12
1,0.9999984
1,1.3302052e-05
1,9.325471e-06
1,4.228381e-18
1,0.0
1,2.3578117e-18
1,1.002756e-11
1,0.00012438772
1,1.8376646e-12
1,0.99950546
1,0.9998967
1,0.99967825
1,0.9961993
1,1.4831225e-09
1,0.9987082
1,8.268458e-09
1,6.058298e-07
1,0.0
1,1.8017467e-07
1,0.99999994
1,0.9903335
1,3.458919e-06
1,2.1587597e-08
1,0.99999875
1,0.9999922
1,5.1110307e-09
1,0.9999973
1,0
1,1.3418117e-09
1,0.9999941
1,0.99999994
1,7.7465195e-08
1,6.434426e-07
1,3.378495e-08
1,5.8707974e-06
1,5.8874866e-06
1,2.5265796e-05
1,0
1,0
1,4.3307615e-08
1,3.0328174e-08
1,0.9688778
1,5.5541937e-19
1,0.98114365
1,1.4963773e-07
1,0.0065325433
1,0.00037283395
1,1.9865776e-05
1,0.94918174
1,0.99872416
1,0.00015320146
1,5.8348965e-11
1,6.685166e-09
1,0.00038154365
1,1.1756029e-13
1,1.4177034e-18
1,1.9793449e-12
1,2.336561e-19
1,0.0
1,0
1,0.9999934
1,0
1,0.99927354
1,1.1647148e-09
1,3.7139162e-07
1,1.2196808e-06
1,2.0256837e-06
1,3.483972e-19
1,3.1196413e-14
1,1.238295e-16
1,2.6781603e-05
1,0.9999489
1,2.3132281e-23
1,4.0743092e-08
1,0.9999991
1,0
1,0
1,0.99999994
1,0
1,0.9990205
1,1.1134638e-09
1,0.9714297
1,0.9999998
1,0.0
1,2.561778e-11
1,0.99999875
1,0.99999696
1,7.8866785e-13
1,0.99999994
1,0
1,0.96357584
1,8.087832e-08
1,1.07946065e-07
1,5.1670707e-08
1,8.908484e-11
1,1.5477504e-10
1,1.3587209e-06
1,3.7677463e-08
1,0
1,0.0
1,1.3741286e-12
1,0.0
1,0.0
1,0.0
1,0.0
1,0.0
1,1.0552599e-10
1,0.0
1,0.9388499
1,0.0
1,3.574685e-16
1,0.0
1,0.0
1,2.4293758e-24
1,0.99939764
1,9.2181324e-07
1,0.7979441
1,6.9838657e-06
1,0.9999948
1,0.0
1,0.98261607
1,0.9869377
1,0.9999979
1,0.9999998
1,0.9444256
1,0.9999433
1,0.99110544
1,0.9999588
1,0.9999495
1,5.775711e-13
1,0
1,0
1,5.5541634e-13
1,0.9523065
1,0.999732
1,0
1,0
1,7.914429e-05
1,6.2994653e-14
1,0.99999994
1,0
1,1.009933e-16
1,6.504486e-23
1,0.9961157
1,5.1366165e-13
1,0
1,3.701567e-07
1,0.99924386
1,0.99992746
1,1.6862949e-14
1,0.9310782
1,0.99943006
1,0.99992734
1,1.7931727e-06
1,6.33082e-07
1,0.99999756
1,0.99776953
1,4.5929537e-05
1,0.99999994
1,3.050952e-11
1,0.9997773
1,1.5047243e-15
1,4.2016044e-23
1,2.9245202e-12
1,2.5550194e-15
1,0
1,7.0664914e-06
1,0.033531956
1,1.6618762e-06
1,0.94356155
1,0.99977875
1,0.9999674
1,0.9999779
1,0.9999941
1,0.99998015
1,1.2618871e-05
1,3.2811102e-13
1,2.1253422e-12
1,0.0001560287
1,0.99999994
1,1.0845558e-12
1,1.362029e-10
1,5.4907547e-11
1,4.9218793e-09
1,9.230159e-07
1,8.131363e-08
1,0
1,2.9601474e-11
1,1.751321e-13
1,1.2050809e-14
1,4.463492e-10
1,0.8580207
1,1.3399268e-05
1,0.99999994
1,1.4829558e-11
1,5.1313127e-17
1,8.9321595e-13
1,6.944188e-16
1,5.524504e-09
1,2.6979616e-10
1,0.9999992
1,0.99999994
1,0.99999994
1,0.99976325
1,0.999999
1,8.651946e-14
1,7.0212565e-08
1,6.9783757e-09
1,1.535238e-05
1,0.9999679
1,0.9401567
1,2.631589e-09
1,5.1862423e-07
1,4.0832026e-18
1,3.3847105e-12
1,1.6510335e-09
1,1.4003547e-13
1,1.0166882e-10
1,2.5337965e-10
1,0.9999936
1,2.367086e-18
1,0.99999624
1,0.87045604
1,7.8675455e-11
1,0.012073408
1,0.00024222829
1,1.7297724e-06
1,2.0930879e-10
1,3.430502e-10
1,0
1,2.5770734e-07
1,1.6297423e-12
1,4.6529985e-11
1,2.804653e-13
1,5.431193e-07
1,2.0182991e-08
1,1.0941497e-07
1,1.7761846e-09
1,4.4146045e-08
1,4.023945e-10
1,0.9998615
1,2.242799e-21
1,5.4463675e-07
1,1.07907226e-16
1,5.0645053e-09
1,3.302538e-12
1,2.4729246e-25
1,0
1,2.7913435e-15
1,1.3507992e-08
1,3.7692878e-08
1,1.3459036e-12
1,9.474707e-16
1,3.061478e-17
1,1.2442057e-15
1,2.9707445e-08
1,0.99999994
1,1.8685501e-08
1,2.1470455e-35
1,0.39428154
1,3.580225e-10
1,0.99999934
1,0.99999994
1,0.99999994
1,0.99999994
1,0.99999076
1,1.2091426e-05
1,0.94228363
1,0.99833924
1,2.7725696e-06
1,2.5995136e-05
1,1.9995738e-05
1,2.392161e-22
1,6.227041e-22
1,1.9634305e-23
1,0.9922762
1,0.0
1,0.0
1,0.0
1,0.0
1,0.0
1,0.0
1,0.0
1,0.0
1,0.0
1,0.99999744
1,7.506231e-10
1,3.4472623e-20
1,0.9941287
1,6.311539e-35
1,1.027652e-06
1,1.0640251e-06
1,0.0
1,9.380314e-05
1,2.649519e-12
1,3.9158704e-11
1,2.6242653e-24
1,0.98528975
1,0.999901
1,0.99999994
1,0.0
1,4.1052806e-36
1,3.086659e-14
1,0.0
1,4.9110116e-07
1,5.5511595e-17
1,0.9996049
1,0.9998205
1,0.97710377
1,0.9999952
1,0.99999994
1,0.99999994
1,0.37969384
1,0.99999994
1,0.99999994
1,0.99999994
1,0.99999994
1,0.99999994
1,0.99797595
1,0.99999994
1,0.99999994
1,0.99999994
1,0.99999994
1,0.99999994
1,0.99999994
1,0.99999994
1,0.99999994
1,0.99999994
1,0.99999994
1,0.99999994
1,0.99999994
1,0.99999994
1,0.99999994
1,0.99999994
1,0.99999994
1,0.9985143
1,0.9960348
1,0.99999994
1,0.99999994
1,0.99810034
1,0.99999994
1,0.99967015
1,0.99999994
1,0.9999971
1,0.99999994
1,0.9983063
1,0.99999994
1,0.99999994
1,5.4725014e-08
1,5.8131377e-14
1,4.7491876e-06
1,0.9999998
1,0.99999994
1,0.99999994
1,0.9999997
1,0.99999875
1,5.276459e-12
1,3.4433716e-13
1,0.99999803
1,2.0633633e-21
1,1.23933306e-29
1,3.131029e-08
1,0.99999994
1,0.99999994
1,0.99999994
1,0.99999994
1,0.99999994
1,0.99999994
1,0.99999994
1,0.99999994
1,0.99999994
1,0.99999994
1,0.99999994
1,0.99999994
1,0.99999994
1,0.99999994
1,0.99999994
1,0.99999994
1,0.99999994
1,0.99999994
1,0.99999994
1,0.99999994
1,0.99999994
1,0.99999994
1,0.99999994
1,0.99999994
1,0.99983287
1,9.933661e-06
1,0.9999997
1,0.99995774
1,0.99998695
1,0.99999994
1,0.99999994
1,0.99999994
1,0.99999994
1,1.0159129e-13
1,0.96074545
1,0.9999835
1,1.3981697e-05
1,1.8776914e-06
1,1.2250141e-06
1,3.0417104e-06
1,1.9347911e-07
1,0.99999994
1,0.99998075
1,0.99973524
1,0.99990124
1,0.9999276
1,0.9993488
1,4.4840413e-14
1,0.99999994
1,0.999861
1,1.2255155e-14
1,3.9636305e-11
1,0.00039556995
1,3.561357e-11
1,0.99999994
1,7.623374e-16
1,0.9996723
1,1.8606819e-13
1,0.99999696
1,1.5864381e-17
1,0.99999994
1,0.99999994
1,0.99999994
1,0.99999994
1,0.99999994
1,0.99999994
1,0.99999994
1,0.99999994
1,0.99999994
1,0.99999994
1,0.99999994
1,0.99999994
1,0.99999994
1,0.99999994
1,0.99999994
1,0.99999994
1,0.99999994
1,0.99999994
1,0.99999994
1,0.99999994
1,0.99999994
1,0.99999994
1,0.99999994
1,0.99999994
1,0.99999994
1,0.99999994
1,0.99999994
1,0.99999994
1,0.99999994
1,2.1359338e-10
1,0.99999994
1,0.9980147
1,5.6425117e-19
1,2.2704076e-19
1,3.9671417e-19
1,1.4103128e-13
1,1.4354981e-18
1,1.6650543e-18
1,7.7940473e-19
1,8.3870955e-19
1,3.2733065e-19
1,9.173653e-19
1,1.6229006e-19
1,0.9999986
1,0
1,0
1,0
1,0
1,0
1,0.99998015
1,1.5732843e-08
1,6.6909367e-09
1,3.2234811e-06
1,2.0338176e-10
1,1.520113e-10
1,1.2746315e-10
1,1.2847327e-11
1,1.77998e-15
1,8.335078e-11
1,1.5718301e-17
1,1.1897952e-15
1,0.99999994
1,0.99999994
1,0.99999994
1,0.99999994
1,0.99999994
1,0.99999994
1,9.638644e-12
1,3.2626903e-07
1,3.6751146e-08
1,3.2775949e-09
1,1.9531243e-16
1,7.01143e-09
1,5.985853e-19
1,1.4873867e-10
1,8.2778795e-14
1,3.836609e-06
1,2.0531352e-17
1,5.4164117e-12
1,1.3181203e-12
1,3.5909394e-11
1,1.9568622e-12
1,6.6117636e-08
1,1.5686416e-12
1,9.680916e-11
1,7.6975905e-11
1,2.1206166e-19
1,8.086809e-12
1,6.621958e-10
1,5.0739984e-16
1,7.723184e-24
1,1.2985849e-09
1,1.3518586e-06
1,2.4599075e-08
1,6.5767645e-06
1,3.5782453e-11
1,1.5130311e-07
1,1.1396324e-06
1,1.4040595e-16
1,3.803373e-14
1,3.4964333e-07
1,1.0233122e-11
1,0.99991995
1,5.2086363e-11
1,9.070883e-11
1,4.695675e-12
1,0.99999994
1,0.99999994
1,0.99999994
1,0.99999994
1,0.99999994
1,0.99999994
1,0.99999994
1,0.99999994
1,0.99999994
1,0.99999994
1,0.99999994
1,0.99999994
1,0.99999994
1,0.99999994
1,0.99999994
1,0.99999994
1,0.99999994
1,0.99999994
1,0.99999994
1,0.99999994
1,0.99999994
1,0.99999994
1,0.99999994
1,0.99999994
1,0.99999994
1,0.99999994
1,0.99999994
1,0.99999994
1,0.99999994
1,0.99999994
1,0.99999994
1,0.99999994
1,4.113356e-16
1,5.2622403e-11
1,0.9999997
1,6.170301e-15
1,1.6139062e-09
1,3.97756e-11
1,8.589884e-06
1,7.126607e-06
1,1.1758061e-05
1,1.1220859e-05
1,4.9365826e-06
1,7.89816e-06
1,3.022763e-17
1,0.99413145
1,0.9856334
1,1.8762659e-08
1,2.1583293e-08
1,1.4154283e-09
1,1.9412152e-08
1,4.181022e-12
1,7.0308384e-11
1,5.7219013e-10
1,3.8785655e-09
1,7.997971e-07
1,6.98115e-07
1,4.4923273e-11
1,0.9999929
1,0.9999854
1,0.9999997
1,0.9999985
1,0.99999994
1,0.99999994
1,0.9999904
1,0.9999978
1,6.700063e-13
1,0
1,1.2891725e-13
1,0.99392444
1,0.99999815
1,0.0
1,0.0
1,0.0
1,0.0
1,3.6754633e-23
1,6.547895e-23
1,3.9996366e-09
1,0.9942481
1,4.5382503e-06
1,1.6749168e-11
1,0.99999994
1,2.1589974e-18
1,1.205838e-15
1,6.6591e-17
1,5.6622073e-05
1,1.3836995e-26
1,6.2060695e-14
1,2.215238e-09
1,0.0
1,0.99999994
1,0.99999994
1,0.99999994
1,0.99999994
1,0.9985684
1,0.99999994
1,3.516752e-08
1,0.59620583
1,2.850598e-22
1,9.839237e-24
1,0.9771621
1,1.439869e-11
1,3.7029683e-06
1,1.6528876e-08
1,9.488744e-07
1,2.7149719e-08
1,8.2646613e-07
1,1.03905435e-07
1,1.2659264e-07
1,3.5451e-10
1,3.2321616e-25
1,0.99999994
1,0
1,0
1,0
1,0
1,0
1,4.247985e-08
1,2.937331e-14
1,0.99622375
1,0.99807644
1,0.99999577
1,0.75487715
1,6.063032e-08
1,0.9999972
1,0.99999243
1,0.99999684
1,0.9999983
1,0.9999884
1,0.9999971
1,0.9999972
1,0.99999934
1,0.99999994
1,0.999989
1,0.9999874
1,0.99999994
1,0.99999136
1,2.5491208e-06
1,4.4434293e-11
1,4.6845933e-11
1,3.0936762e-15
1,0
1,0
1,0
1,0.000436166
1,1.4526898e-10
1,0.99999875
1,0.99999994
1,0.99999994
1,0.80197316
1,0.99999696
1,2.1535325e-09
1,1.5807792e-09
1,0.99884325
1,0.95365673
1,0.9999992
1,0.99999946
1,2.4644171e-12
1,0.99999994
1,0.9999983
1,0.99999994
1,0.99999946
1,0.999999
1,0.9999984
1,0.99999994
1,0.99999744
1,0.99999994
1,0.9999998
1,9.326322e-11
1,0.9999878
1,1.08465246e-13
1,0.9999688
1,0.99999744
1,0.9999961
1,9.700984e-09
1,3.4028343e-24
1,0.99999064
1,0.9999773
1,0.99999505
1,0.0
1,1.468949e-11
1,0.99977493
1,4.8401745e-08
1,0.99999994
1,1.9011322e-13
1,0.0
1,7.453511e-12
1,2.7955746e-15
1,8.786359e-09
1,0.0011276628
1,4.0896005e-08
1,2.9417565e-16
1,5.5706315e-11
1,5.543792e-19
1,2.5666489e-14
1,7.218035e-13
1,0.99999934
1,0
1,0.9959408
1,0.99971485
1,0.99999994
1,0.99859333
1,0.99938434
1,0.99996907
1,0.9998629
1,0.9984053
1,0.99999565
1,8.178019e-11
1,0.99975467
1,0.98966247
1,0.9999971
1,0.9999997
1,0.9999978
1,0.9962137
1,0.99927497
1,0.9998393
1,1.1334841e-14
1,0.9998672
1,0.99996513
1,0.992985
1,0.99998575
1,0.9999544
1,0.1876964
1,4.197859e-10
1,0.5048237
1,0.9999992
1,0.20083255
1,0.24847785
1,0.9537363
1,0.99999636
1,3.6077758e-08
1,2.685885e-07
1,1.7913025e-15
1,3.1250189e-10
1,3.4967052e-17
1,4.2507378e-07
1,1.1060393e-08
1,0.014673951
1,0.0064280564
1,8.730169e-10
1,3.8530433e-16
1,1.3014596e-17
1,4.8493273e-13
1,0.9999886
1,0.9999983
1,0.99999994
1,0.99999994
1,0.9999997
1,5.650446e-18
1,3.4107806e-18
1,3.341914e-15
1,1.1633284e-11
1,1.638581e-09
1,5.769133e-14
1,6.555496e-11
1,2.6956701e-09
1,1.1297083e-15
1,4.185573e-07
1,0.62033176
1,1.9834687e-18
1,0.99993795
1,1.5326661e-09
1,6.569774e-07
1,9.6047406e-11
1,1.7725587e-18
1,1.1106192e-09
1,0.99999505
1,2.8173701e-09
1,7.4297124e-17
1,4.2294463e-11
1,4.1751868e-15
1,3.9415136e-17
1,2.1498952e-06
1,1.0235053e-10
1,0.0013087282
1,2.9128169e-06
1,2.2778984e-35
1,3.2811102e-13
1,3.829166e-12
1,4.9193453e-12
1,0.87045604
1,0.91506076
1,0.9991726
1,0.9992291
1,0.99921256
1,0.99923444
1,0.9991912
1,0.9996915
1,0.9827719
1,0.9996675
1,3.483972e-19
1,0.99999994
1,0.99999994
1,0.99999994
1,0.99999994
1,0.9996432
1,3.458919e-06
1,9.677583e-06
1,4.717076e-09
1,4.185573e-07
1,1.5054384e-13
1,3.580225e-10
1,2.804653e-13
1,0.9999992
1,0.99999505
1,5.5706315e-11
1,1.5326661e-09
1,4.8493273e-13
1,2.6457596e-16
1,5.543792e-19
1,2.5666489e-14
1,7.218035e-13
1,7.4297124e-17
1,6.569774e-07
1,9.6047406e-11
1,1.1106192e-09
1,1.7725587e-18
1,2.8173701e-09
1,2.6956701e-09
1,6.555496e-11
1,1.1633284e-11
1,0.0064280564
1,0.014673951
1,0.9999921
1,0.9999886
1,0.9537363
1,1.1060393e-08
1,1.7441543e-09
1,8.9256164e-10
1,5.650446e-18
1,0.9999997
1,1.1226101e-09
1,0.0013094546
1,0.99895036
1,1.7913025e-15
1,3.8530433e-16
1,8.730169e-10
1,1.3014596e-17
1,0.9999984
1,0.0
1,0.99938434
1,1.3011762e-35
1,6.10238e-35
1,6.9695845e-36
1,0.99993795
1,0.9099321
1,1.6297423e-12
1,4.734653e-08
1,1.962909e-08
1,2.1253422e-12
1,1.7083268e-08
1,0
1,0.9388499
1,0.99911714
1,0.999732
1,0.35494083
1,0.99995095
1,0.99999994
1,0.99999994
1,7.0212565e-08
1,0.9998967
1,5.3392074e-07
1,5.0886834e-10
1,4.2507378e-07
1,2.685885e-07
1,1.2098204e-12
1,2.5337965e-10
1,0.9999983
1,0.99999994
1,0.99999994
1,0.99993235
1,1.9834687e-18
1,1.1297083e-15
1,0.99999994
1,0.9997431
1,0.99972105
1,0.9995921
1,0.99999994
1,0.99996287
1,0.99940455
1,0.9999909
1,4.6955665e-05
1,1.0845558e-12
1,6.3716845e-09
1,5.8588653e-20
1,3.0259082e-07
1,6.0470913e-09
1,3.569916e-05
1,0.20083255
1,0.99997777
1,0.99991006
1,0.99998575
1,0.9999544
1,0.992985
1,0.9959408
1,0.99996513
1,0.9984053
1,0.9999997
1,0.99975467
1,0.9998672
1,0.9962137
1,0.99999565
1,0.99859333
1,0.99996907
1,0.99971485
1,0.9999971
1,0.9998629
1,0.99999994
1,0.9999978
1,0.99927497
1,0.98966247
1,0.9998393
1,0.9981782
1,3.1543557e-08
1,8.4201535e-12
1,5.6157086e-13
1,6.6827614e-13
1,4.013448e-06
1,1.3898592e-06
1,3.892392e-06
1,2.2469685e-06
1,5.511502e-15
1,1.4484007e-13
1,8.651946e-14
1,1.7440193e-11
1,2.7419763e-14
1,1.7246916e-10
1,3.05592e-07
1,6.800116e-11
1,4.423671e-06
1,1.1334841e-14
1,1.0468987e-08
1,8.178019e-11
1,6.001725e-23
1,9.638014e-14
1,2.12843e-12
1,2.3941556e-14
1,3.692951e-13
1,5.3175936e-10
1,0.00038154365
1,1.7297724e-06
1,0.0
1,4.228381e-18
1,2.3578117e-18
1,1.5909898e-11
1,5.0263946e-11
1,0.99999875
1,0.99999934
1,0.9996563
1,0.99999994
1,0.9999489
1,0.50546235
1,0.96827954
1,8.9321595e-13
1,4.7492888e-11
1,2.6979616e-10
1,6.9783757e-09
1,1.15339105e-07
1,4.426808e-06
1,0.99992007
1,0.9999998
1,1.4459324e-13
1,0.99999934
1,4.197859e-10
1,0.5048237
1,4.465837e-08
1,0.1876964
1,0
1,0.24847785
1,0.62033176
1,0.96571
1,1.5503278e-05
1,3.4967052e-17
1,5.429436e-07
1,2.4293758e-24
0,1.6378357e-30
0,1.85083e-26
0,6.23871e-16
0,0
0,0.0
0,0
0,1.4452958e-20
0,0
0,0.0
0,3.0081657e-10
0,0
0,0.00038405973
0,0
0,4.8437047e-20
0,0
0,1.2144962e-16
0,2.6032285e-07
0,3.7024784e-32
0,9.911774e-15
0,0
0,0
0,4.7406843e-25
0,0
0,0
0,0
0,0
0,3.6198813e-09
0,2.4155428e-10
0,3.8175208e-13
0,0
0,1.9634999e-37
0,1.9150412e-25
0,0
0,2.843377e-10
0,0.0
0,6.1669544e-17
0,2.8157927e-11
0,2.5012955e-23
0,4.025373e-24
0,0.0
0,0
0,2.55298e-19
0,0
0,7.897584e-10
0,2.2393174e-38
0,2.4554706e-23
0,2.939668e-32
0,8.364736e-10
0,4.170465e-28
0,0.0
0,1.614342e-36
0,0.0
0,0.0
0,9.5810305e-17
0,0
0,1.2504018e-18
0,4.183858e-14
0,0
0,0.0
0,4.1616877e-11
0,0.0
0,8.035736e-35
0,0
0,1.1945214e-25
0,8.179929e-10
0,1.2983641e-31
0,5.2579635e-10
0,1.4479484e-17
0,0
0,1.075111e-23
0,0.0
0,9.887868e-24
0,0
0,1.4789436e-28
0,1.7469504e-16
0,1.2092528e-37
0,0.0
0,4.5157327e-09
0,0
0,1.2210946e-13
0,0
0,1.8250788e-15
0,1.2856936e-22
0,3.7838255e-08
0,3.497243e-19
0,6.7672725e-29
0,0
0,5.7313188e-36
0,1.3666233e-16
0,6.247119e-17
0,7.809884e-27
0,4.3297443e-24
0,2.1287647e-09
0,1.110823e-17
0,2.664768e-20
0,3.753185e-30
0,0
0,9.444859e-13
0,1.2844903e-38
0,0.0
0,0.0
0,0.0
0,7.658979e-14
0,2.4118895e-20
0,0.0
0,0
0,4.4314796e-33
0,1.4708378e-29
0,0.0
0,2.659782e-31
0,3.7794337e-07
0,0.0
0,6.584386e-14
0,1.937808e-18
0,1.6286324e-17
0,3.856031e-37
0,2.2110325e-07
0,0
0,0.0
0,3.2375422e-14
0,1.38059455e-17
0,7.5347384e-10
0,1.955018e-21
0,4.965956e-26
0,5.331136e-31
0,2.352567e-34
0,0
0,0
0,2.2276637e-29
0,0
0,0
0,0.0
0,1.4440771e-10
0,9.116139e-26
0,3.483561e-08
0,0.01635308
0,7.931913e-14
0,2.4197503e-20
0,4.164929e-06
0,0.0
0,1.2374622e-34
0,0
0,1.0074717e-20
0,7.994599e-13
0,5.140881e-33
0,0.0
0,3.0559013e-17
0,1.5777357e-16
0,0.0
0,0
0,3.279144e-09
0,0
0,2.9493189e-30
0,0
0,0
0,1.7707894e-12
0,2.870471e-21
0,3.344777e-12
0,2.1349616e-14
0,6.2883596e-28
0,0
0,0
0,0.0
0,4.9717237e-26
0,2.7330136e-09
0,0.0
0,1.3783377e-20
0,1.3154077e-33
0,0.0
0,0
0,0.0018065397
0,3.2194145e-10
0,0
0,0.0
0,1.155722e-19
0,0.0
0,1.7938606e-10
0,1.0688381e-15
0,2.8085702e-13
0,0
0,1.2144962e-16
0,2.2944023e-05
0,2.648248e-27
0,7.615352e-30
0,0
0,0.0
0,0.001110566
0,7.837387e-32
0,3.1208668e-38
0,0
0,4.4597906e-13
0,7.277765e-09
0,0
0,4.9963752e-11
0,1.460447e-29
0,1.2083472e-16
0,1.084052e-05
0,6.5572343e-09
0,2.6728043e-16
0,0.0
0,0.0
0,0
0,7.9215214e-29
0,0
0,0.0
0,0
0,6.6909367e-09
0,0.0
0,8.908484e-11
0,2.2597476e-19
0,0.0
0,6.23871e-16
0,1.3125701e-08
0,0.0
0,1.0243731e-07
0,0.0
0,8.226891e-24
0,1.436366e-20
0,4.1176185e-16
0,9.563206e-12
0,2.1935838e-32
0,6.598558e-17
0,0
0,1.1601276e-08
0,0.0
0,1.6135935e-11
0,0.0
0,5.7534283e-10
0,2.5828062e-16
0,2.5969316e-22
0,3.4574773e-23
0,3.6279823e-31
0,0.0
0,4.8596027e-35
0,6.8592805e-21
0,3.699215e-18
0,4.3197555e-14
0,0
0,0.0
0,2.5683237e-27
0,1.2903303e-18
0,0.0
0,1.2210946e-13
0,5.7370545e-12
0,0
0,3.7986115e-26
0,0.0
0,0
0,1.7658795e-11
0,1.4413334e-27
0,0
0,5.9106555e-13
0,0.0
0,0
0,0.0005480258
0,6.773014e-27
0,2.0647184e-11
0,5.0098827e-20
0,7.910562e-22
0,1.337082e-26
0,0
0,1.0642089e-12
0,0
0,4.9360684e-35
0,1.1905295e-34
0,0
0,0
0,2.6174748e-06
0,1.0619076e-20
0,6.888132e-17
0,8.9593776e-08
0,1.0957236e-21
0,0.0
0,3.2833337e-19
0,1.2328544e-10
0,2.0990908e-26
0,2.1997054e-25
0,0.0
0,1.2894259e-33
0,2.6436484e-30
0,4.43498e-34
0,4.6164736e-16
0,0
0,0
0,0.0
0,0
0,6.1908834e-19
0,4.8596027e-35
0,0.0
0,1.2473555e-33
0,9.646254e-25
0,5.91144e-38
0,9.133434e-28
0,1.8007007e-19
0,3.3582493e-26
0,1.3783377e-20
0,0
0,0.0
0,4.535888e-34
0,3.1968592e-27
0,1.0975497e-36
0,0
0,1.4579821e-20
0,6.904159e-11
0,0
0,7.3848534e-19
0,2.6458678e-31
0,0
0,3.413415e-21
0,1.6356737e-19
0,6.3631087e-21
0,1.3141595e-18
0,0
0,8.011334e-16
0,0.0
0,0.0
0,5.7252613e-15
0,0
0,0
0,0
0,2.5802365e-14
0,0.0
0,0
0,1.1888408e-10
0,9.747659e-24
0,9.966789e-36
0,5.7370545e-12
0,2.1943717e-22
0,4.1282329e-13
0,4.93628e-20
0,0
0,0
0,0
0,0
0,0
0,2.4075805e-18
0,0.0
0,0
0,0.0
0,0.0
0,1.2210946e-13
0,0.0
0,0
0,7.3848534e-19
0,4.4335993e-23
0,0
0,0.0
0,1.3835842e-28
0,3.099004e-20
0,0.0
0,0.0
0,2.8730752e-35
0,3.498157e-08
0,1.5622635e-13
0,0
0,1.3544535e-30
0,4.696859e-15
0,8.156009e-19
0,0
0,8.195697e-06
0,5.502655e-18
0,9.512059e-36
0,0
0,2.1109888e-20
0,0
0,2.7319532e-14
0,0
0,1.8276627e-24
0,1.6964101e-31
0,4.1888642e-31
0,0.0
0,7.8944037e-35
0,1.1945214e-25
0,0
0,0
0,1.7273563e-16
0,0
0,3.9850972e-28
0,2.664768e-20
0,0.0
0,8.3010604e-14
0,3.6857012e-33
0,9.06661e-16
0,3.3987422e-19
0,3.1242728e-31
0,5.4024456e-31
0,6.1669544e-17
0,1.5414326e-08
0,3.9727377e-32
0,8.4751895e-27
0,0
0,1.9986876e-35
0,8.488305e-33
0,3.5418343e-06
0,0
0,9.7346594e-05
0,0.0
0,0
0,1.3660676e-17
0,0
0,0
0,1.2151251e-15
0,1.2504018e-18
0,0.0
0,3.403258e-35
0,0
0,4.4908737e-17
0,0
0,1.8434089e-25
0,7.5602545e-11
0,2.9840333e-32
0,1.2795702e-31
0,9.135882e-08
0,5.0310918e-24
0,0
0,1.4519559e-06
0,2.880715e-15
0,1.1847145e-23
0,0.0
0,1.4586776e-07
0,6.23871e-16
0,0.0
0,8.020394e-35
0,1.1437762e-36
0,3.930116e-16
0,0
0,0.0
0,5.5103325e-22
0,0.0
0,0
0,1.2435388e-21
0,0.0
0,1.1733686e-09
0,7.719077e-16
0,0.0
0,1.3413384e-19
0,0
0,1.3783377e-20
0,8.973411e-13
0,0
0,3.2909967e-19
0,0.0
0,3.3465838e-16
0,6.724646e-20
0,4.7867236e-19
0,0
0,2.369997e-17
0,0
0,0
0,0
0,2.55298e-19
0,0
0,5.127403e-20
0,0
0,2.494073e-19
0,5.0634864e-22
0,1.257304e-17
0,1.0016173e-37
0,6.216609e-30
0,0.0
0,3.019384e-14
0,0.0
0,8.129464e-34
0,1.8055387e-26
0,7.828822e-18
0,6.307109e-17
0,2.5842578e-17
0,5.596655e-23
0,0.0
0,2.3367289e-37
0,0.0
0,4.3995467e-14
0,9.853905e-31
0,5.9676036e-05
0,9.291235e-14
0,5.7370545e-12
0,2.8730752e-35
0,0.0
0,2.6835603e-30
0,0
0,0
0,1.2021026e-20
0,2.3221841e-07
0,2.967922e-13
0,0
0,7.7167e-11
0,4.556468e-25
0,0
0,2.6391009e-14
0,0
0,1.9575392e-14
0,3.0578654e-16
0,0
0,0
0,0
0,0.0
0,3.4442984e-08
0,6.2859604e-33
0,6.2480537e-24
0,1.9683426e-16
0,0
0,3.7778857e-22
0,1.8550472e-17
0,4.0225297e-17
0,3.947085e-21
0,0.0
0,1.6944615e-14
0,3.6597365e-20
0,2.0499644e-16
0,0
0,1.6420114e-34
0,2.4188464e-21
0,0.0
0,1.6274168e-33
0,7.366207e-17
0,0
0,0
0,5.45447e-20
0,0
0,5.252513e-08
0,0
0,7.931913e-14
0,1.8192127e-17
0,0.0
0,8.596417e-22
0,2.9368585e-22
0,5.995797e-27
0,0
0,0
0,6.0911525e-29
0,4.851047e-27
0,3.5618745e-14
0,4.783687e-06
0,2.0367275e-30
0,0
0,2.0634172e-25
0,3.7964704e-38
0,1.2144962e-16
0,0
0,0
0,8.3020814e-30
0,9.1071683e-35
0,0
0,5.8091726e-13
0,1.7717269e-26
0,3.4442984e-08
0,2.479126e-23
0,0
0,0
0,0.0
0,0
0,1.385012e-07
0,0.0
0,2.3741382e-13
0,1.8108037e-34
0,4.148374e-33
0,1.2249463e-13
0,3.7374717e-29
0,0
0,0.0
0,0.0
0,0
0,7.4297124e-17
0,1.3835083e-15
0,1.23682736e-26
0,0.0
0,0
0,8.35325e-15
0,0
0,1.5525007e-11
0,0
0,0
0,1.4316247e-13
0,8.488305e-33
0,0
0,0
0,6.9321406e-22
0,9.411927e-12
0,9.444859e-13
0,0
0,0.0
0,0
0,0
0,0.0018065397
0,0
0,3.9481164e-16
0,0
0,2.3713892e-06
0,6.261987e-29
0,2.845849e-35
0,0.0
0,3.0735967e-15
0,2.0161463e-16
0,0
0,0
0,9.995636e-31
0,0.0
0,0.0
0,1.1615401e-10
0,6.3191017e-15
0,1.8353591e-38
0,0.0
0,0
0,3.715705e-15
0,5.2630753e-20
0,3.0578654e-16
0,2.308257e-27
0,5.5943924e-20
0,3.7571318e-28
0,0
0,1.7525911e-19
0,0
0,1.9124684e-22
0,1.007694e-12
0,0.0
0,0
0,0.0
0,6.9874044e-33
0,1.2249137e-24
0,0.0
0,4.851047e-27
0,0.0
0,0.0
0,0.0
0,2.4301646e-29
0,0.0
0,1.2504018e-18
0,0
0,0
0,1.0884288e-31
0,0
0,4.9125424e-09
0,8.893252e-23
0,1.5935081e-27
0,0.0
0,3.4442984e-08
0,2.3000045e-13
0,7.3848534e-19
0,0
0,4.7610164e-17
0,0
0,6.659115e-26
0,0
0,7.7225433e-13
0,0
0,0
0,3.60463e-22
0,0
0,0
0,0
0,1.2366871e-34
0,1.0619076e-20
0,0
0,0
0,3.7732646e-22
0,4.658336e-19
0,3.661345e-18
0,1.2210946e-13
0,4.2240795e-16
0,3.862353e-22
0,3.340189e-16
0,1.7332877e-19
0,2.849352e-20
0,8.051574e-31
0,3.658081e-14
0,4.0651943e-20
0,1.0396459e-19
0,3.744065e-25
0,1.6491856e-11
0,0.0
0,9.575501e-27
0,0.0
0,1.2903303e-18
0,9.1806773e-32
0,3.8341954e-15
0,0
0,0
0,7.3968655e-38
0,2.7116839e-16
0,0.0
0,0
0,3.86966e-10
0,1.01415306e-14
0,2.0754245e-14
0,2.6391009e-14
0,7.833662e-29
0,2.2312597e-21
0,1.14942395e-29
0,1.358826e-12
0,1.7142585e-33
0,0
0,2.5317352e-16
0,6.670809e-19
0,0.0
0,1.6366036e-15
0,0.0
0,2.1919631e-30
0,6.3278634e-08
0,0.0
0,1.5432758e-32
0,2.7138407e-09
0,2.1723244e-18
0,5.9967093e-21
0,1.318294e-23
0,1.922321e-12
0,5.1010647e-33
0,7.4042396e-23
0,1.4922237e-32
0,0
0,0.0
0,0
0,0
0,3.908304e-14
0,1.4067829e-25
0,8.9046105e-17
0,0.0
0,4.3410454e-25
0,0
0,0.0
0,3.434824e-20
0,0
0,0
0,0
0,4.382506e-22
0,0
0,1.260361e-06
0,6.261987e-29
0,9.1732275e-20
0,4.881069e-08
0,1.1945214e-25
0,4.340814e-08
0,6.1557603e-28
0,0
0,0
0,0.0
0,9.1550245e-28
0,0.0
0,6.000447e-14
0,0.0
0,2.7141985e-19
0,3.978588e-32
0,0.0
0,0
0,6.311396e-19
0,6.8179817e-22
0,2.7319532e-14
0,0.0
0,3.364992e-25
0,0.0
0,0
0,1.5413196e-28
0,1.0004186e-36
0,2.9560137e-18
0,1.110823e-17
0,5.2425957e-33
0,0
0,0.0
0,0.0
0,1.3783377e-20
0,1.8288406e-32
0,2.0499644e-16
0,0.0
0,6.294702e-10
0,2.1333824e-19
0,4.2507378e-07
0,4.2020613e-17
0,0.0
0,0.0035908883
0,1.0783735e-15
0,8.037924e-27
0,1.8932578e-20
0,2.390854e-16
0,8.793174e-17
0,0.0
0,0.0
0,6.400477e-37
0,1.6964101e-31
0,6.6743392e-18
0,0
0,2.487003e-12
0,0
0,0
0,0
0,3.0521408e-12
0,1.3809998e-20
0,2.0499644e-16
0,7.9676304e-22
0,4.0035364e-11
0,0.0
0,1.922321e-12
0,2.6397728e-07
0,2.771934e-32
0,0.0
0,9.036836e-30
0,3.460436e-21
0,0.0
0,1.3854106e-19
0,0
0,2.9926004e-15
0,5.908988e-08
0,0
0,3.601511e-17
0,1.592084e-07
0,2.5937964e-27
0,0.0
0,7.2003687e-38
0,1.5759902e-22
0,2.7502778e-19
0,6.6281564e-10
0,4.47334e-09
0,0.0
0,2.664685e-25
0,0.0
0,0.0
0,0
0,1.4864965e-36
0,2.986841e-12
0,0
0,0
0,0.0
0,1.2249137e-24
0,3.2026878e-14
0,0
0,4.9376967e-18
0,4.688384e-17
0,3.485064e-13
0,4.1652314e-32
0,0.0
0,0
0,0
0,8.364671e-12
0,1.980726e-16
0,2.0668351e-19
0,0.0
0,2.0499644e-16
0,2.4352747e-27
0,1.8314008e-20
0,3.0552123e-12
0,5.855452e-19
0,0
0,1.4023087e-35
0,5.846902e-12
0,7.366207e-17
0,0
0,1.7771481e-09
0,4.3570653e-20
0,1.6037065e-14
0,0
0,1.1838003e-30
0,0
0,0
0,5.029768e-13
0,1.2144962e-16
0,4.1972508e-20
0,0
0,4.7871217e-12
0,0
0,1.3682264e-23
0,3.561357e-11
0,2.6188315e-34
0,0.0
0,0
0,0
0,0.0
0,9.488744e-07
0,6.1252996e-27
0,0.0
0,1.4538006e-24
0,1.5622635e-13
0,5.647322e-16
0,0.0
0,6.23871e-16
0,3.0287992e-16
0,1.6964101e-31
0,3.060063e-36
0,4.3799803e-10
0,5.331136e-31
0,0.0
0,1.7463379e-22
0,0
0,4.4303842e-27
0,2.659198e-16
0,0
0,3.9071556e-27
0,3.604539e-23
0,1.3234504e-26
0,0
0,6.0167423e-22
0,0
0,0
0,0
0,1.836897e-29
0,4.3986064e-26
0,3.2288815e-38
0,2.7399862e-12
0,0.0
0,3.019384e-14
0,1.2210946e-13
0,0.0
0,7.604117e-18
0,4.312092e-13
0,1.6926194e-24
0,7.0491606e-26
0,1.1432588e-30
0,0
0,4.7673077e-33
0,0.0
0,5.131534e-22
0,1.3499898e-10
0,1.5046733e-19
0,1.3783377e-20
0,2.0724084e-14
0,3.7621007e-38
0,0
0,1.3838949e-17
0,2.3578117e-18
0,2.3000045e-13
0,1.0626245e-18
0,2.7255592e-10
0,2.2069826e-36
0,8.45461e-11
0,1.2995406e-33
0,0
0,1.533181e-16
0,2.5118978e-19
0,0.0
0,3.3309047e-21
0,0
0,8.516745e-34
0,0
0,1.2184126e-14
0,4.258459e-15
0,1.6889735e-05
0,0
0,7.584359e-12
0,2.7502778e-19
0,0
0,3.6303048e-22
0,8.258988e-21
0,0.0
0,4.543643e-12
0,0
0,1.3278831e-15
0,3.3786114e-29
0,0.0
0,0
0,3.1844487e-18
0,3.0090766e-29
0,3.1281042e-10
0,4.0572653e-11
0,7.076795e-35
0,4.6523074e-20
0,0
0,3.2046696e-20
0,1.409852e-26
0,0.0
0,0.0
0,1.8108037e-34
0,2.4197227e-13
0,1.3864119e-34
0,1.4199896e-34
0,1.9833408e-12
0,0.0
0,0.0
0,0
0,3.916586e-30
0,1.8617052e-11
0,0
0,0.0
0,3.4536576e-21
0,5.348672e-14
0,0.0
0,6.4489673e-19
0,9.011081e-15
0,0
0,0.0
0,1.1547512e-33
0,6.947892e-18
0,9.263237e-21
0,0
0,0
0,8.534018e-27
0,2.1119004e-26
0,3.7864984e-21
0,3.514619e-24
0,3.483629e-31
0,0
0,4.978996e-17
0,9.275355e-19
0,0
0,0
0,5.7337864e-17
0,4.891837e-17
0,1.1944543e-28
0,3.4100994e-24
0,0.0
0,2.0181955e-10
0,6.23871e-16
0,0
0,1.9171637e-10
0,0.0
0,4.136812e-19
0,1.5777357e-16
0,1.8315438e-37
0,6.046768e-22
0,0
0,7.617892e-38
0,1.6750317e-35
0,8.578821e-21
0,1.8813715e-38
0,0.0
0,1.3783377e-20
0,5.5430507e-11
0,1.922321e-12
0,2.0792425e-18
0,0
0,3.0090766e-29
0,0.00039795716
0,8.1506437e-14
0,0
0,0
0,0
0,5.933631e-16
0,0.0
0,0
0,1.2459022e-14
0,3.9411798e-19
0,0
0,1.0016137e-21
0,1.886484e-17
0,2.8383422e-21
0,4.010229e-25
0,3.4413763e-16
0,3.2002802e-08
0,1.4074018e-14
0,6.406284e-29
0,2.5095255e-30
0,0
0,3.908304e-14
0,0
0,5.331136e-31
0,5.447911e-13
0,2.3745977e-12
0,1.0487999e-12
0,4.4580915e-11
0,3.68315e-22
0,0.0
0,0
0,0.0
0,5.6320705e-22
0,0
0,1.502559e-07
0,0
0,0
0,1.3121382e-27
0,0.0
0,3.2238876e-29
0,9.970901e-15
0,0.0
0,2.2197482e-37
0,4.1641426e-20
0,8.488305e-33
0,1.7561741e-36
0,0.0
0,0
0,3.614164e-22
0,0
0,1.4452958e-20
0,8.284724e-17
0,3.449485e-12
0,3.060063e-36
0,3.0429024e-18
0,1.985179e-13
0,1.866916e-20
0,7.042244e-30
0,0
0,2.125063e-14
0,0
0,3.5159547e-33
0,1.0174946e-19
0,4.1528398e-16
0,5.094954e-23
0,0
0,4.1892665e-17
0,0.0
0,5.3593683e-29
0,1.9064865e-18
0,2.1412519e-16
0,5.033017e-16
0,1.8291497e-26
0,0.0
0,0
0,1.2810054e-17
0,1.3950809e-11
0,9.898328e-19
0,8.616278e-12
0,2.1902057e-17
0,2.7977599e-12
0,0
0,0
0,6.98115e-07
0,0
0,0.0
0,1.2413946e-22
0,5.3062092e-37
0,0
0,1.9515178e-34
0,0
0,1.3626655e-26
0,0
0,1.0044015e-20
0,0
0,3.2375422e-14
0,0
0,2.659198e-16
0,0.0
0,1.352584e-23
0,2.8536126e-10
0,0.0
0,1.3938287e-23
0,0.0
0,3.828862e-22
0,1.6213663e-09
0,6.5883683e-06
0,0
0,9.133434e-28
0,3.3052547e-14
0,7.0453496e-23
0,0
0,0
0,0
0,8.525523e-37
0,0
0,0
0,2.1615287e-13
0,3.5576846e-30
0,6.1194155e-29
0,2.9992258e-14
0,3.6470546e-28
0,1.6273409e-20
0,2.2628116e-38
0,0.0
0,0.0
0,1.4973635e-14
0,0
0,2.7803242e-11
0,3.2004158e-20
0,1.1945214e-25
0,2.0246686e-30
0,5.3638734e-20
0,0.0
0,1.707919e-20
0,0
0,1.4871943e-12
0,2.2958415e-15
0,1.1308815e-20
0,0
0,0
0,2.956336e-24
0,6.998725e-17
0,5.0917603e-21
0,7.1143365e-12
0,2.0714797e-28
0,0
0,0
0,0
0,0
0,3.3629514e-12
0,1.5940201e-33
0,0
0,6.1836393e-30
0,0.0
0,1.1226101e-09
0,0
0,0.0
0,2.8716783e-17
0,6.670809e-19
0,3.0729127e-32
0,1.2543057e-24
0,4.4647977e-13
0,9.31944e-17
0,3.115066e-38
0,1.172111e-19
0,6.822434e-36
0,2.3713892e-06
0,1.4641761e-15
0,7.389723e-08
0,4.7601225e-35
0,0
0,2.3398934e-27
0,0
0,0
0,9.37017e-23
0,0
0,1.4580619e-09
0,1.4256091e-37
0,1.2826463e-33
0,0
0,0.0
0,0.0
0,0
0,0
0,2.972809e-09
0,4.528609e-28
0,0
0,0.0
0,1.8840748e-08
0,3.384581e-12
0,1.6510335e-09
0,0
0,1.4580619e-09
0,2.485227e-32
0,8.673457e-38
0,6.415073e-11
0,0
0,3.0285512e-20
0,1.3673764e-05
0,1.6073698e-29
0,0.0
0,8.45461e-11
0,0.0
0,1.8108037e-34
0,3.2118845e-20
0,9.075246e-17
0,2.850947e-16
0,0
0,2.2742521e-14
0,6.3729655e-32
0,1.3694992e-19
0,1.8776541e-23
0,8.525523e-37
0,0.0
0,0
0,3.891065e-12
0,0
0,0
0,2.7120667e-12
0,2.8669945e-21
0,0
0,0
0,1.0287012e-14
0,0
0,1.9883535e-24
0,1.9771287e-20
0,1.3675926e-10
0,1.7992306e-20
0,7.6529157e-28
0,8.112937e-30
0,3.5884538e-38
0,2.3315068e-20
0,3.0090766e-29
0,1.3021989e-06
0,0.0
0,4.8674558e-15
0,2.9080983e-25
0,2.323387e-28
0,0
0,4.33695e-20
0,0
0,0
0,2.1162532e-14
0,0.0
0,1.6964101e-31
0,6.5738254e-10
0,1.4450782e-12
0,0
0,4.4476104e-21
0,0
0,3.3667366e-12
0,0
0,0
0,4.0302065e-25
0,0
0,0.0
0,0.0
0,1.8532833e-15
0,0.8970385
0,1.1624178e-31
0,3.999711e-30
0,2.9915577e-09
0,3.3705355e-13
0,0
0,1.1283201e-17
0,0.0
0,2.2173834e-09
0,5.2423493e-14
0,1.7476595e-14
0,2.466376e-21
0,0
0,0
0,3.8178483e-38
0,0
0,1.1303104e-37
0,1.9851036e-33
0,4.20661e-10
0,0
0,2.4611108e-20
0,0
0,0
0,1.2574889e-20
0,1.0237345e-17
0,4.4420214e-34
0,3.0531442e-28
0,1.4564608e-24
0,0
0,8.022275e-11
0,0
0,5.3985566e-18
0,2.464857e-12
0,9.1175824e-17
0,0
0,2.2529468e-18
0,3.115066e-38
0,0.0
0,3.2480965e-08
0,8.486566e-16
0,1.1656934e-21
0,2.55298e-19
0,0.0
0,5.363797e-11
0,1.5229681e-18
0,9.912708e-26
0,0.0
0,0.0
0,0
0,7.9163983e-28
0,6.23871e-16
0,3.4436723e-17
0,0
0,3.502434e-33
0,0
0,1.924422e-17
0,3.5451e-10
0,2.7328357e-09
0,0
0,0
0,1.7109299e-22
0,3.4752537e-28
0,0
0,3.3465838e-16
0,7.780204e-09
0,4.9963752e-11
0,0
0,0.0
0,1.2249137e-24
0,2.1212094e-26
0,8.688041e-30
0,2.3400265e-31
0,0.0
0,9.510839e-14
0,4.20661e-10
0,0.0
0,1.3608769e-35
0,0
0,6.5412955e-08
0,0
0,1.78049e-26
0,0.0
0,1.0154597e-13
0,5.872921e-24
0,0.0
0,8.735807e-20
0,0
0,9.3075216e-20
0,3.0544222e-21
0,3.5418343e-06
0,8.81474e-16
0,8.9818867e-29
0,3.8354476e-17
0,3.739077e-09
0,5.2423493e-14
0,1.1047695e-36
0,0
0,0
0,0.0
0,1.332961e-16
0,3.2585744e-21
0,1.6346135e-26
0,0
0,1.6536434e-32
0,1.2249137e-24
0,2.271143e-20
0,0
0,9.659784e-09
0,1.7246916e-10
0,4.190078e-24
0,0
0,5.496899e-10
0,0.0
0,1.949004e-26
0,1.0826899e-17
0,5.7337864e-17
0,1.4960245e-18
0,2.0711046e-17
0,6.587935e-29
0,3.3548802e-21
0,3.897908e-05
0,5.918239e-32
0,5.556618e-08
0,0
0,0
0,1.41373e-15
0,1.02559356e-25
0,3.483146e-23
0,7.414133e-13
0,3.2229993e-11
0,1.7870201e-07
0,0.0
0,0.0
0,0.0
0,1.6767678e-16
0,3.9460706e-11
0,6.1047395e-21
0,1.425452e-18
0,2.3354883e-37
0,4.131649e-17
0,0
0,2.2174553e-17
0,1.2835103e-22
0,0.0
0,1.7330785e-12
0,0
0,8.5359355e-09
0,2.7614918e-16
0,0
0,1.6964101e-31
0,0
0,6.9832545e-10
0,1.2901944e-15
0,1.2184126e-14
0,0
0,0
0,0.0
0,4.1763446e-17
0,1.7810037e-30
0,0
0,0
0,0
0,3.1364456e-26
0,0
0,2.3713892e-06
0,2.7269806e-15
0,1.5922384e-10
0,4.8596027e-35
0,1.5529658e-15
0,0
0,2.1355835e-29
0,5.035417e-31
0,9.938083e-18
0,4.3278506e-10
0,1.5026615e-29
0,0.0
0,0.0
0,0
0,0.0
0,0
0,2.2451378e-17
0,0
0,5.24324e-14
0,0
0,0
0,1.3675769e-36
0,0.0
0,0
0,0
0,7.2613114e-22
0,2.9962103e-12
0,0
0,3.8860528e-17
0,0.0
0,4.237495e-16
0,5.9182694e-06
0,0
0,0
0,0
0,3.3710214e-20
0,3.3772436e-15
0,6.876639e-18
0,0
0,1.962909e-08
0,4.524219e-34
0,0
0,1.710459e-08
0,2.1815552e-09
0,7.90093e-15
0,0
0,0
0,0
0,3.9460706e-11
0,3.5066794e-29
0,6.451138e-25
0,0
0,1.0082653e-21
0,4.5832715e-07
0,5.7961606e-33
0,1.5925223e-06
0,0.0
0,0.0
0,3.0916806e-16
0,0.0
0,2.8653421e-30
0,0.0
0,0
0,0.0
0,1.649079e-19
0,0
0,0
0,0.0
0,1.0791578e-13
0,0.0
0,2.6956701e-09
0,0.0
0,8.488305e-33
0,2.2875353e-11
0,0.0
0,6.6081862e-12
0,7.720749e-37
0,2.2039642e-31
0,5.8578554e-27
0,5.1862423e-07
0,2.4155428e-10
0,0
0,0
0,6.3614297e-16
0,0
0,0.0
0,0.0
0,6.228849e-22
0,1.11205214e-13
0,0
0,3.787296e-26
0,4.4320128e-14
0,1.5777357e-16
0,0
0,1.0382215e-08
0,9.4801576e-11
0,1.2078626e-11
0,0
0,0
0,1.1498999e-32
0,0.0
0,0
0,2.0668351e-19
0,1.8326219e-25
0,0.0
0,0
0,1.1877995e-16
0,6.4754575e-31
0,1.3501825e-22
0,0.0
0,0
0,8.45461e-11
0,2.0886811e-21
0,0
0,8.403657e-12
0,0
0,1.1291475e-13
0,6.504491e-20
0,8.225236e-34
0,2.7313336e-20
0,3.0990246e-09
0,2.8513716e-26
0,2.580586e-16
0,0
0,2.0846124e-26
0,0.0
0,1.007588e-20
0,3.9437568e-12
0,1.088343e-24
0,6.2106087e-27
