label,prob
1,0.54382324
1,0.5516271
1,0.66626316
1,0.5419361
1,0.61453456
1,0.61968833
1,0.61968833
1,0.21052977
1,0.5102987
1,0.52714723
1,0.5666126
1,0.6839937
1,0.04932477
1,0.79650503
1,0.78131837
1,0.7614796
1,0.22263649
1,0.57913154
1,0.6169353
1,0.83544135
1,0.5032158
1,0.5550777
1,0.5214983
1,0.5870258
1,0.56870615
1,0.5484934
1,0.53492206
1,0.5759249
1,0.5756765
1,0.58139735
1,0.5806774
1,0.58770704
1,0.57612556
1,0.56338775
1,0.5840384
1,0.58598405
1,0.58069915
1,0.56848663
1,0.5816954
1,0.587162
1,0.5410732
1,0.57943875
1,0.60623014
1,0.5353144
1,0.5617247
1,0.57375467
1,0.5775235
1,0.56272495
1,0.58167636
1,0.5995243
1,0.576502
1,0.5996307
1,0.5283148
1,0.5862278
1,0.5804057
1,0.5871604
1,0.57566535
1,0.5701713
1,0.5668731
1,0.5708577
1,0.5958004
1,0.5636775
1,0.5304143
1,0.5211426
1,0.51693684
1,0.62734246
1,0.7678349
1,0.61596245
1,0.5787069
1,0.24971214
1,0.6164121
1,0.8833064
1,0.55224955
1,0.5377335
1,0.6120425
1,0.56876564
1,0.51646245
1,0.9084083
1,0.7288495
1,0.8963823
1,0.6077384
1,0.6127492
1,0.77543056
1,0.58702826
1,0.54556173
1,0.59643114
1,0.56680536
1,0.59504247
1,0.5983506
1,0.56716156
1,0.57252103
1,0.53124917
1,0.8993718
1,0.53560007
1,0.75280064
1,0.5413561
1,0.5375208
1,0.07576902
1,0.7838279
1,0.78286606
1,0.6305272
1,0.0644268
1,0.679767
1,0.7589974
1,0.7919742
1,0.5878927
1,0.5437872
1,0.78755504
1,0.78960085
1,0.57288295
1,0.6760368
1,0.6856726
1,0.82519716
1,0.21052977
1,0.70037395
1,0.89259607
1,0.8895644
1,0.56230974
1,0.8216802
1,0.82445437
1,0.89994454
1,0.59527683
1,0.6189794
1,0.5139854
1,0.57035214
1,0.579769
1,0.58768314
1,0.5302553
1,0.57062113
1,0.59606755
1,0.6186122
1,0.2117051
1,0.6269447
1,0.56794584
1,0.38381773
1,0.6509959
1,0.63788253
1,0.5827693
1,0.52123255
1,0.83843035
1,0.6589706
1,0.6153197
1,0.5503349
1,0.5741964
1,0.6039345
1,0.60090655
1,0.5070326
1,0.55502343
1,0.62822104
1,0.5699699
1,0.6037618
1,0.88865423
1,0.6958853
1,0.52705616
1,0.5137542
1,0.019055767
1,0.58976424
1,0.60448736
1,0.5101529
1,0.6864497
1,0.60820043
1,0.56531006
1,0.5568724
1,0.57156026
1,0.58818537
1,0.5527563
1,0.51825833
1,0.7560553
1,0.5592573
1,0.52911925
1,0.061647233
1,0.54822946
1,0.7304745
1,0.70490724
1,0.7342138
1,0.71391803
1,0.6132578
1,0.5911028
1,0.6832988
1,0.554959
1,0.8945255
1,0.61738175
1,0.33069497
1,0.6139073
1,0.6025559
1,0.6166573
1,0.6026423
1,0.7236336
1,0.71214294
1,0.7180904
1,0.6783831
1,0.59136933
1,0.6393228
1,0.55575544
1,0.7412311
1,0.53586066
1,0.7037514
1,0.5891924
1,0.5933772
1,0.61957306
1,0.6256202
1,0.58963984
1,0.5462672
1,0.5301496
1,0.7047269
1,0.67904925
1,0.5451983
1,0.7231353
1,0.5511369
1,0.5485813
1,0.87672627
1,0.6212297
1,0.38697416
1,0.7121074
1,0.91510606
1,0.88619465
1,0.54004157
1,0.6074679
1,0.78915673
1,0.56222934
1,0.5967236
1,0.5889978
1,0.1616065
1,0.09665515
1,0.6020898
1,0.5525421
1,0.5264508
1,0.6787144
1,0.7771529
1,0.52334946
1,0.5075582
1,0.54621834
1,0.58991706
1,0.7354426
1,0.52907646
1,0.7148633
1,0.7283323
1,0.5152691
1,0.51838416
1,0.55635446
1,0.90814173
1,0.68222463
1,0.52818173
1,0.5757395
1,0.540661
1,0.5259875
1,0.7098093
1,0.52662927
1,0.5297253
1,0.61877304
1,0.66203976
1,0.7307103
1,0.73948294
1,0.52634
1,0.72675204
1,0.7042724
1,0.71995753
1,0.89061743
1,0.85855764
1,0.8928599
1,0.7501342
1,0.89274937
1,0.7145199
1,0.57609165
1,0.6059998
1,0.59255314
1,0.6361965
1,0.5213898
1,0.6038895
1,0.6567538
1,0.6211038
1,0.5290091
1,0.82346666
1,0.76521254
1,0.69999856
1,0.7426582
1,0.6440152
1,0.52388555
1,0.6725489
1,0.6720024
1,0.88613075
1,0.90766644
1,0.8921384
1,0.13285093
1,0.5659928
1,0.90223515
1,0.6233348
1,0.5252422
1,0.70695335
1,0.53809035
1,0.5613497
1,0.5454653
1,0.83106345
1,0.5638064
1,0.59894484
1,0.57483095
1,0.5457977
1,0.5946965
1,0.56750554
1,0.51415616
1,0.5086505
1,0.5840361
1,0.57022804
1,0.59414196
1,0.621866
1,0.53640175
1,0.6047539
1,0.52841926
1,0.6082551
1,0.64362943
1,0.70328397
1,0.72505105
1,0.8898707
1,0.62708175
1,0.6286034
1,0.70055497
1,0.23628768
1,0.60465217
1,0.45936814
1,0.52791935
1,0.52791935
1,0.66270304
1,0.88743323
1,0.81985694
1,0.6776973
1,0.59222245
1,0.6095945
1,0.5137701
1,0.61257356
1,0.5411109
1,0.42148727
1,0.5466452
1,0.55579704
1,0.4072162
1,0.69630927
1,0.5396802
1,0.6415296
1,0.54236776
1,0.51197696
1,0.5367552
1,0.609775
1,0.89999163
1,0.6039861
1,0.655592
1,0.6054713
1,0.6209403
1,0.66245896
1,0.62270623
1,0.6021709
1,0.753231
1,0.38039505
1,0.6429422
1,0.5399253
1,0.59192514
1,0.4464174
1,0.85401464
1,0.78297967
1,0.7504359
1,0.9059283
1,0.70617574
1,0.5235991
1,0.5314778
1,0.5389244
1,0.5249951
1,0.77578837
1,0.678239
1,0.75522304
1,0.45416838
1,0.5263653
1,0.525724
1,0.5654605
1,0.54796135
1,0.55933964
1,0.5672777
1,0.57286155
1,0.5760644
1,0.5781446
1,0.5852205
1,0.58702314
1,0.54764223
1,0.57197154
1,0.58236223
1,0.42967123
1,0.48022497
1,0.57388383
1,0.7045291
1,0.614043
1,0.5786918
1,0.5721322
1,0.73216355
1,0.5657063
1,0.61630696
1,0.5316318
1,0.73225296
1,0.89954096
1,0.75625575
1,0.5468595
1,0.8824302
1,0.88829505
1,0.8883247
1,0.89454114
1,0.89992446
1,0.8896915
1,0.90810114
1,0.8938588
1,0.90991163
1,0.906315
1,0.8916851
1,0.86205596
1,0.8878683
1,0.8958378
1,0.88819814
1,0.88197136
1,0.8972881
1,0.8856862
1,0.8914109
1,0.8946777
1,0.8791236
1,0.6019682
1,0.51462734
1,0.51244205
1,0.61380714
1,0.5529836
1,0.50729233
1,0.50699115
1,0.6464537
1,0.52725995
1,0.7135128
1,0.82067096
1,0.52813137
1,0.54162544
1,0.5607198
1,0.5458352
1,0.5918627
1,0.6812896
1,0.5351877
1,0.6703199
1,0.60526717
1,0.5732028
1,0.17546
1,0.5135711
1,0.5964485
1,0.591799
1,0.54353917
1,0.5060452
1,0.5148831
1,0.47579855
1,0.8658817
1,0.6203739
1,0.58998525
1,0.56339896
1,0.87518746
1,0.58199614
1,0.6730966
1,0.55693924
1,0.34743345
1,0.48684272
1,0.47595954
1,0.56465197
1,0.6377569
1,0.796232
1,0.54558456
1,0.5459678
1,0.6646783
1,0.72360927
1,0.69872206
1,0.5368688
1,0.68035585
1,0.59723836
1,0.8846032
1,0.8968512
1,0.5085319
1,0.54699236
1,0.2721838
1,0.20830233
1,0.80386686
1,0.8996654
1,0.89516956
1,0.5440049
1,0.50824136
1,0.58550423
1,0.6450545
1,0.88124293
1,0.60107654
1,0.61262214
1,0.6058494
1,0.61563003
1,0.58756346
1,0.5227353
1,0.5651584
1,0.5560823
1,0.51375824
1,0.70472866
1,0.6096704
1,0.0851114
1,0.88924885
1,0.9098968
1,0.89867973
1,0.6569136
1,0.66019994
1,0.505654
1,0.6203815
1,0.70545423
1,0.6246538
1,0.56195456
1,0.7056637
1,0.7234883
1,0.65935725
1,0.61032194
1,0.7138202
1,0.90330064
1,0.59977543
1,0.6206161
1,0.6108994
1,0.52032304
1,0.5857202
1,0.5984764
1,0.8816047
1,0.66009694
1,0.5762301
1,0.5750435
1,0.5953041
1,0.61036974
1,0.75848675
1,0.6267312
1,0.7203295
1,0.5361518
1,0.54638004
1,0.752505
1,0.5754843
1,0.62001526
1,0.6235609
1,0.8812118
1,0.5384055
1,0.8002372
1,0.6600352
1,0.5219494
1,0.52612853
1,0.54528046
1,0.6499085
1,0.6168498
1,0.84681153
1,0.5453584
1,0.6210754
1,0.6204834
1,0.6991734
1,0.59097475
1,0.58983666
1,0.58322054
1,0.61092097
1,0.74387795
1,0.6043265
1,0.90584534
1,0.54168165
1,0.53630126
1,0.6041937
1,0.87279636
1,0.5722482
1,0.61220866
1,0.6196176
1,0.6038139
1,0.90626305
1,0.60124433
1,0.8654886
1,0.5927714
1,0.5305617
1,0.5848384
1,0.52930516
1,0.5305185
1,0.6201948
1,0.5490762
1,0.5802608
1,0.5347209
1,0.61680394
1,0.5806584
1,0.5308593
1,0.6543854
1,0.5685118
1,0.56187797
1,0.5817986
1,0.5786765
1,0.12730566
1,0.5948531
1,0.7860626
1,0.673056
1,0.8862556
1,0.5061349
1,0.00017352909
1,0.52677745
1,0.89335567
1,0.66419005
1,0.5251132
1,0.7589414
1,0.54052144
1,0.54993975
1,0.5746972
1,0.5131308
1,0.5204031
1,0.69906753
1,0.6792364
1,0.6958898
1,0.6774584
1,0.6916655
1,0.6925493
1,0.6183785
1,0.626562
1,0.5949038
1,0.5839929
1,0.53065175
1,0.64580053
1,0.5772683
1,0.8893573
1,0.53950495
1,0.53856903
1,0.55320853
1,0.5874699
1,0.583889
1,0.5310445
1,0.51185954
1,0.62248296
1,0.5956962
1,0.5079832
1,0.59950846
1,0.6421615
1,0.6616546
1,0.66599625
1,0.6457073
1,0.5218765
1,0.89291227
1,0.622954
1,0.56690216
1,0.59971017
1,0.5913729
1,0.71818775
1,0.5202191
1,0.5945141
1,0.73592764
1,0.5253999
1,0.60629594
1,0.5234132
1,0.63213223
1,0.80936456
1,0.61388594
1,0.88211894
1,0.5906396
1,0.6799491
1,0.24154478
1,0.592248
1,0.52966744
1,0.529142
1,0.6856435
1,0.5102748
1,0.61420417
1,0.8113241
1,0.9036712
1,0.7921767
1,0.647568
1,0.5258875
1,0.50009453
1,0.63629603
1,0.6216702
1,0.60820025
1,0.52221847
1,0.6044136
1,0.5695187
1,0.75206065
1,0.5599341
1,0.6457736
1,0.55595917
1,0.5642319
1,0.5777626
1,0.5562348
1,0.55998963
1,0.5229983
1,0.55858195
1,0.53065753
1,0.56037897
1,0.6297466
1,0.56800526
1,0.55307996
1,0.64188564
1,0.53743345
1,0.25684702
1,0.56334555
1,0.2332216
1,0.8193103
1,0.56015724
1,0.5958939
1,0.121303745
1,0.5531112
1,0.55616105
1,0.61708754
1,0.6118497
1,0.61068195
1,0.6124912
1,0.61218053
1,0.6406378
1,0.88248837
1,0.8904931
1,0.59116805
1,0.5350848
1,0.5298821
1,0.53999436
1,0.53645104
1,0.89860994
1,0.58951974
1,0.57697666
1,0.70100397
1,0.7787999
1,0.5300134
1,0.047207262
1,0.52508074
1,0.8069233
1,0.61010927
1,0.56201744
1,0.5350121
1,0.62280667
1,0.58343047
1,0.52116865
1,0.5971318
1,0.589168
1,0.5920589
1,0.5464978
1,0.57447714
1,0.89835924
1,0.79520816
1,0.89720803
1,0.5736703
1,0.20227931
1,0.5513991
1,0.5570982
1,0.6596988
1,0.75035906
1,0.5780907
1,0.5813502
1,0.4733032
1,0.5769541
1,0.5502724
1,0.5393748
1,0.5523093
1,0.5762661
1,0.54649556
1,0.5633238
1,0.5241975
1,0.6194267
1,0.54666376
1,0.5992726
1,0.60100484
1,0.6122624
1,0.52227783
1,0.6076383
1,0.59054834
1,0.5842374
1,0.8185076
1,0.6110729
1,0.6031474
1,0.60072345
1,0.59605324
1,0.55434155
1,0.90202355
1,0.49603403
1,0.5775074
1,0.6174845
1,0.61871284
1,0.64766866
1,0.60388047
1,0.56477404
1,0.5575217
1,0.76098377
1,0.7843237
1,0.5710545
1,0.54776555
1,0.5926692
1,0.58478177
1,0.7375835
1,0.5184259
1,0.5234893
1,0.5324471
1,0.5406828
1,0.38719007
1,0.76430905
1,0.57050616
1,0.33851463
1,0.6008021
1,0.62793744
1,0.6155484
1,0.62184405
1,0.6012743
1,0.70895237
1,0.55386055
1,0.90191495
1,0.5339547
1,0.58774006
1,0.2333899
1,0.6129992
1,0.5645165
1,0.13410081
1,0.59224355
1,0.5715374
1,0.5697965
1,0.7453993
1,0.62987375
1,0.61085796
1,0.73722845
1,0.6322009
1,0.8811052
1,0.8845591
1,0.54881483
1,0.613638
1,0.61563635
1,0.5318291
1,0.896654
1,0.59467113
1,0.5725574
1,0.7923174
1,0.63005
1,0.61776555
1,0.621653
1,0.5235885
1,0.5141251
1,0.5196385
1,0.5339699
1,0.61160904
1,0.71162796
1,0.8033452
1,0.5891348
1,0.52302146
1,0.7644521
1,0.6055746
1,0.71078193
1,0.6961594
1,0.5190825
1,0.54449224
1,0.5460096
1,0.52263695
1,0.5368256
1,0.6753199
1,0.55550563
1,0.55489653
1,0.79329157
1,0.7689648
1,0.78202575
1,0.5559945
1,0.5589973
1,0.5705642
1,0.5493414
1,0.55856746
1,0.5592918
1,0.5594941
1,0.5522882
1,0.5656202
1,0.5632154
1,0.79434544
1,0.897534
1,0.6561497
1,0.5760381
1,0.870163
1,0.54666924
1,0.5466376
1,0.6986397
1,0.59977734
1,0.90123856
1,0.59494865
1,0.5916728
1,0.6147307
1,0.6138987
1,0.5743307
1,0.5801638
1,0.56893015
1,0.3731645
1,0.6283479
1,0.5398057
1,0.5949152
1,0.58974105
1,0.21677874
1,0.53684485
1,0.69471544
1,0.50902534
1,0.50961894
1,0.50108474
1,0.51546484
1,0.5164408
1,0.51293445
1,0.49629262
1,0.50564206
1,0.5230986
1,0.52457786
1,0.5140884
1,0.5183726
1,0.5247294
1,0.5191218
1,0.5240776
1,0.5187576
1,0.51536053
1,0.52462816
1,0.52444375
1,0.52103865
1,0.51936823
1,0.52415264
1,0.5130337
1,0.5180313
1,0.5160542
1,0.50474817
1,0.5049766
1,0.50305134
1,0.5083816
1,0.50626844
1,0.5113809
1,0.510751
1,0.5069273
1,0.50543654
1,0.5023261
1,0.50561327
1,0.50335443
1,0.47456872
1,0.7623845
1,0.50715643
1,0.72421944
1,0.6298568
1,0.6806736
1,0.68207127
1,0.6597401
1,0.7962718
1,0.88663846
1,0.8886503
1,0.74748653
1,0.7810935
1,0.7352569
1,0.8544948
1,0.5198018
1,0.5205934
1,0.51492023
1,0.5186963
1,0.44356686
1,0.51981634
1,0.5211951
1,0.52007854
1,0.51515543
1,0.5233613
1,0.5228601
1,0.51424515
1,0.51875865
1,0.5185203
1,0.52171814
1,0.51983666
1,0.5121025
1,0.52177113
1,0.5133159
1,0.51995814
1,0.51943094
1,0.5196059
1,0.5198842
1,0.5197414
1,0.5348228
1,0.8908167
1,0.52884835
1,0.52468026
1,0.5244332
1,0.67450625
1,0.6726177
1,0.5197964
1,0.5423664
1,0.5148425
1,0.55375546
1,0.84534997
1,0.8896371
1,0.6661172
1,0.6689728
1,0.6960083
1,0.6993363
1,0.724299
1,0.537252
1,0.53601927
1,0.52983326
1,0.53411394
1,0.5345979
1,0.67598057
1,0.5195757
1,0.544282
1,0.62510353
1,0.5149087
1,0.5932492
1,0.5805164
1,0.6157378
1,0.6768637
1,0.5875706
1,0.6191214
1,0.5342213
1,0.49056372
1,0.51926965
1,0.51926965
1,0.5191116
1,0.5193018
1,0.51926965
1,0.51910686
1,0.5191162
1,0.5192078
1,0.51921815
1,0.5192387
1,0.5193332
1,0.5192078
1,0.5192078
1,0.5192078
1,0.5193332
1,0.51924527
1,0.51924396
1,0.51924527
1,0.5191882
1,0.51924527
1,0.51924527
1,0.5194276
1,0.5196604
1,0.51920485
1,0.51920485
1,0.51920485
1,0.51920485
1,0.51920485
1,0.51932997
1,0.62566525
1,0.56321704
1,0.0056130085
1,0.6529688
1,0.66508794
1,0.65443754
1,0.64219147
1,0.6066177
1,0.60622543
1,0.59919256
1,0.5993962
1,0.599273
1,0.59089744
1,0.61004955
1,0.5242605
1,0.786644
1,0.7756659
1,0.79281616
1,0.7678004
1,0.7580997
1,0.48413092
1,0.07226218
1,0.61962706
1,0.62103903
1,0.6160573
1,0.62511045
1,0.6247998
1,0.61525315
1,0.6205507
1,0.6193721
1,0.6308497
1,0.7113765
1,0.52136934
1,0.5223766
1,0.5231781
1,0.26239234
1,0.34899354
1,0.28767735
1,0.0749861
1,0.610312
1,0.63009524
1,0.62413883
1,0.6261892
1,0.6151957
1,0.6258476
1,0.62591994
1,0.6234187
1,0.6307705
1,0.6278603
1,0.6156089
1,0.6211511
1,0.6197014
1,0.6215859
1,0.6179478
1,0.6172829
1,0.623391
1,0.6164099
1,0.62647146
1,0.5761166
1,0.6212963
1,0.61212707
1,0.6286962
1,0.62070775
1,0.6313292
1,0.24858335
1,0.23121962
1,0.62457854
1,0.62252325
1,0.5421659
1,0.6242054
1,0.586844
1,0.60538095
1,0.6067806
1,0.532754
1,0.5314297
1,0.62402755
1,0.6148492
1,0.6842351
1,0.6693381
1,0.68148774
1,0.6789086
1,0.67914397
1,0.68139184
1,0.6849373
1,0.6783342
1,0.668719
1,0.66768396
1,0.6848052
1,0.6869068
1,0.68332475
1,0.6867781
1,0.6757789
1,0.6841287
1,0.68494153
1,0.6863275
1,0.68357843
1,0.6771138
1,0.6864353
1,0.67553675
1,0.68110085
1,0.6824539
1,0.6849638
1,0.69533306
1,0.67862916
1,0.5229685
1,0.5221507
1,0.5223126
1,0.52200115
1,0.5198364
1,0.65264076
1,0.62234473
1,0.5247873
1,0.5368506
1,0.6217353
1,0.6217264
1,0.8909609
1,0.89784867
1,0.8932345
1,0.89312273
1,0.91298157
1,0.8911635
1,0.62923366
1,0.52262497
1,0.535204
1,0.9078368
1,0.58903885
1,0.88136655
1,0.88187885
1,0.52064306
1,0.6292538
1,0.6106213
1,0.6098503
1,0.68690974
1,0.70668906
1,0.6139201
1,0.52956176
1,0.55334264
1,0.5369882
1,0.5304988
1,0.5697127
1,0.5686466
1,0.52607477
1,0.53211063
1,0.72686183
1,0.60409534
1,0.52016556
1,0.21878324
1,0.6920034
1,0.550549
1,0.5574616
1,0.55722576
1,0.549718
1,0.6284409
1,0.6308347
1,0.59219205
1,0.53435224
1,0.8997175
1,0.6405174
1,0.5139929
1,0.5361179
1,0.51434416
1,0.520533
1,0.4900181
1,0.41809526
1,0.23506035
1,0.0797945
1,0.54121953
1,0.68224126
1,0.71842265
1,0.7189736
1,0.67524934
1,0.5361104
1,0.50154436
1,0.6154366
1,0.574217
1,0.7687653
1,0.793532
1,0.5349616
1,0.7325
1,0.7013097
1,0.6877011
1,0.7408513
1,0.72214234
1,0.7225044
1,0.78402954
1,0.72989607
1,0.78225195
1,0.53008914
1,0.67872185
1,0.53653413
1,0.5401135
1,0.5307801
1,0.5324745
1,0.5308529
1,0.5377298
1,0.45531565
1,0.6380811
1,0.6380422
1,0.6325525
1,0.6138594
1,0.6249367
1,0.8837717
1,0.88522315
1,0.86087954
1,0.88939536
1,0.8845659
1,0.8839251
1,0.88439995
1,0.89177376
1,0.868706
1,0.8847559
1,0.8836908
1,0.87021655
1,0.88481665
1,0.59509414
1,0.5313903
1,0.5314233
1,0.6130334
1,0.7841391
1,0.78544587
1,0.78481144
1,0.6364214
1,0.63823295
1,0.54009223
1,0.498839
1,0.50128406
1,0.5250131
1,0.81451297
1,0.042861067
1,0.5864567
1,0.5461701
1,0.58162874
1,0.49949184
1,0.49387053
1,0.66765994
1,0.71148133
1,0.8388621
1,0.8382779
1,0.8415412
1,0.8422964
1,0.8431891
1,0.53302234
1,0.5332146
1,0.53049743
1,0.5359417
1,0.5788881
1,0.5827298
1,0.568338
1,0.5202297
1,0.7018118
1,0.7029959
1,0.7670903
1,0.6292337
1,0.71214294
1,0.68204576
1,0.67922264
1,0.5817133
1,0.59375733
1,0.5467316
1,0.55623835
1,0.5175589
1,0.6455468
1,0.697017
1,0.7834023
1,0.83820015
1,0.62417763
1,0.57027006
1,0.6228419
1,0.62891465
1,0.6248593
1,0.627354
1,0.6165022
1,0.6199631
1,0.5495356
1,0.7717184
1,0.5144739
1,0.5304251
1,0.5310822
1,0.53314364
1,0.5183851
1,0.5292072
1,0.53241533
1,0.53203493
1,0.53023076
1,0.48815173
1,0.5272107
1,0.52659434
1,0.5302104
1,0.53305244
1,0.53832346
1,0.5306915
1,0.5352196
1,0.52887714
1,0.5147164
1,0.5320335
1,0.53668976
1,0.52524173
1,0.5277881
1,0.52594936
1,0.7900153
1,0.81562936
1,0.57662326
1,0.5564912
1,0.5628171
1,0.8199981
1,0.0059274994
1,0.003346232
1,0.642051
1,0.5621376
1,0.5339424
1,0.07799547
1,0.5837652
1,0.5711713
1,0.0055814865
1,0.010087739
1,0.041293256
1,0.81779265
1,0.74670506
1,0.79678714
1,0.620087
1,0.035458695
1,0.8893549
1,0.8814249
1,0.87815946
1,0.60335636
1,0.71617204
1,0.6227053
1,0.62222856
1,0.61513144
1,0.06254013
1,0.61972153
1,0.6140791
1,0.63931596
1,0.5571946
1,0.5552182
1,0.5974004
1,0.74646354
1,0.56143695
1,0.62538695
1,0.62167007
1,0.61705744
1,0.6252575
1,0.6093638
1,0.54941654
1,0.6260266
1,0.62531894
1,0.7532202
1,0.8942465
1,0.52845055
1,0.87594867
1,0.8256273
1,0.8417943
1,0.8631422
1,0.74597734
1,0.5241975
1,0.52911925
1,0.5139854
1,0.55386055
1,0.5415087
1,0.58817005
1,0.58808297
1,0.58817196
1,0.588079
1,0.5878766
1,0.5874567
1,0.5913439
1,0.5877594
1,0.5202191
1,0.52013904
1,0.5199574
1,0.52060074
1,0.52025586
1,0.5648508
1,0.52677745
1,0.59222245
1,0.59475255
1,0.5552182
1,0.53569376
1,0.7644521
1,0.7453993
1,0.5564912
1,0.54941654
1,0.6248593
1,0.62538695
1,0.620087
1,0.62846154
1,0.627354
1,0.6165022
1,0.6199631
1,0.62531894
1,0.62167007
1,0.61705744
1,0.6093638
1,0.6252575
1,0.6260266
1,0.63931596
1,0.6140791
1,0.61513144
1,0.041293256
1,0.010087739
1,0.002430359
1,0.035458695
1,0.0059274994
1,0.0055814865
1,0.90766644
1,0.8921384
1,0.71617204
1,0.60335636
1,0.7288495
1,0.70037395
1,0.6720024
1,0.5339424
1,0.74670506
1,0.81779265
1,0.79678714
1,0.60265
1,0.66599625
1,0.5183851
1,0.34282225
1,0.33124816
1,0.32866368
1,0.56143695
1,0.13359736
1,0.5715374
1,0.6083871
1,0.75522304
1,0.6194267
1,0.554959
1,0.5933772
1,0.53065753
1,0.53351676
1,0.5298821
1,0.53399223
1,0.53214586
1,0.76098377
1,0.7843237
1,0.58478177
1,0.5685118
1,0.5396802
1,0.55224955
1,0.5711713
1,0.5621376
1,0.52419907
1,0.6155484
1,0.8893549
1,0.8814249
1,0.87815946
1,0.5454653
1,0.74646354
1,0.5571946
1,0.7501342
1,0.66203976
1,0.6776973
1,0.64362943
1,0.7307103
1,0.73948294
1,0.69999856
1,0.7145199
1,0.62815744
1,0.60100484
1,0.5361518
1,0.52606136
1,0.88743323
1,0.7476186
1,0.89994454
1,0.5628171
1,0.53346324
1,0.5227353
1,0.5277881
1,0.52594936
1,0.52524173
1,0.5144739
1,0.53668976
1,0.53203493
1,0.53305244
1,0.5272107
1,0.5320335
1,0.5306915
1,0.53023076
1,0.53314364
1,0.5292072
1,0.5304251
1,0.5302104
1,0.53241533
1,0.5310822
1,0.53832346
1,0.5352196
1,0.52659434
1,0.52887714
1,0.5376754
1,0.6025412
1,0.5699574
1,0.57021344
1,0.56963825
1,0.6012493
1,0.59827024
1,0.5987374
1,0.59891766
1,0.5914618
1,0.5923498
1,0.5926692
1,0.570786
1,0.6181514
1,0.59527683
1,0.60820043
1,0.59777516
1,0.609775
1,0.5147164
1,0.5142237
1,0.48815173
1,0.5313654
1,0.5454291
1,0.5472813
1,0.53779846
1,0.5077265
1,0.60107654
1,0.5956962
1,0.2333899
1,0.5802608
1,0.5490762
1,0.5347209
1,0.5878927
1,0.5437872
1,0.59468967
1,0.6055746
1,0.58969706
1,0.5925306
1,0.6037618
1,0.6127492
1,0.6077384
1,0.61871284
1,0.52377576
1,0.56477404
1,0.7375835
1,0.61262214
1,0.6058494
1,0.52705616
1,0.5137542
1,0.9059283
1,0.5495356
1,0.81562936
1,0.57662326
1,0.62432563
1,0.7900153
1,0.6183785
1,0.8199981
1,0.5974004
1,0.38697416
1,0.40153068
1,0.5837652
1,0.5911028
1,0.64188564
0,0.50459945
0,0.00057064905
0,0.40966088
0,0.48132586
0,0.60205215
0,0.005779537
0,0.45869893
0,0.0007367616
0,0.06352913
0,0.013531729
0,0.11163875
0,0.45340392
0,0.4402476
0,0.50896585
0,0.0996213
0,0.53219414
0,0.008969668
0,0.079902664
0,0.00041722227
0,0.52599
0,0.41304472
0,0.0071061687
0,0.0014821761
0,0.0068949447
0,0.5905298
0,0.040961787
0,0.51790494
0,0.56807864
0,0.5341404
0,0.030438334
0,0.0131419655
0,0.5256187
0,0.7613553
0,0.6988041
0,0.01163267
0,0.0013190033
0,0.58964765
0,0.12577905
0,0.031921584
0,0.5520284
0,0.5850169
0,0.18036503
0,0.5182402
0,0.01218645
0,0.0032548746
0,0.25311837
0,0.034855388
0,0.010450697
0,0.015633754
0,0.7579596
0,0.00015105374
0,0.29736194
0,0.39912903
0,0.013095215
0,0.55781376
0,0.29940203
0,0.18794519
0,0.52152354
0,0.2924228
0,0.0039789802
0,0.028290901
0,0.0057712975
0,0.30752495
0,0.07759397
0,0.1166843
0,0.51546574
0,0.011997535
0,0.43779302
0,0.5370623
0,0.008809901
0,0.51800954
0,0.5281631
0,3.2194296e-06
0,0.013733856
0,0.32055205
0,1.8956649e-05
0,0.0038103685
0,0.567271
0,0.34980583
0,0.011083872
0,0.20303766
0,0.011541807
0,0.5505649
0,0.5423622
0,0.015058265
0,0.022166532
0,0.61540014
0,0.009801298
0,0.15196426
0,0.5400142
0,8.755524e-05
0,0.4347249
0,0.39133877
0,0.03605967
0,0.010662994
0,0.025647521
0,0.00044508473
0,0.51308167
0,0.046459127
0,0.5495638
0,0.4038097
0,0.0014926282
0,0.5212665
0,0.5546919
0,0.30615178
0,0.56755304
0,0.07974093
0,0.048275676
0,0.34511352
0,0.65914595
0,0.50668365
0,0.14599122
0,0.5826084
0,0.51486677
0,0.009692902
0,0.36026043
0,0.232493
0,0.85446024
0,5.9843165e-05
0,0.63194746
0,2.247298e-07
0,0.5138866
0,0.7496945
0,0.01519365
0,0.6839083
0,4.9488768e-05
0,0.5299714
0,0.5666966
0,0.003685359
0,0.25206178
0,0.011562127
0,0.5406108
0,0.011245828
0,0.021034293
0,0.46283785
0,0.18242598
0,0.545274
0,0.58240086
0,0.57538444
0,0.019211205
0,0.50251126
0,0.5365559
0,0.19327553
0,0.006427704
0,0.014138103
0,0.0058417353
0,0.27409482
0,0.022682065
0,0.4702931
0,0.09441741
0,0.06273382
0,2.391087e-07
0,0.5259331
0,0.72609043
0,9.0574606e-05
0,0.55279464
0,0.00809257
0,0.30980805
0,0.5959272
0,0.55470073
0,0.6091356
0,0.527027
0,1.3344564e-05
0,0.5208586
0,0.52023464
0,0.034340817
0,0.48654082
0,0.0110812485
0,0.26962602
0,0.01582953
0,0.39300814
0,0.62686515
0,0.39754936
0,0.50776285
0,0.07767766
0,0.012333754
0,0.5209531
0,0.000104367675
0,0.5994409
0,0.6785756
0,0.5378025
0,0.61523837
0,0.003551198
0,0.015840394
0,0.5551874
0,0.0458544
0,0.5520986
0,4.4217177e-07
0,0.6566816
0,0.55429107
0,0.5485572
0,0.5007162
0,0.3332489
0,0.5728066
0,0.04328454
0,0.5797184
0,0.5700335
0,0.5384737
0,0.112938024
0,3.9085266e-05
0,1.7559034e-05
0,0.51332283
0,0.008051222
0,0.6109447
0,0.0062951585
0,1.615989e-06
0,0.61190444
0,0.542066
0,0.5746884
0,0.51823705
0,0.36583748
0,0.54408896
0,0.58321065
0,0.00015898874
0,0.53385735
0,7.0985414e-05
0,0.004382938
0,0.018530544
0,0.026572514
0,0.55822057
0,0.5772308
0,0.56605506
0,0.52656806
0,0.035851013
0,2.9560419e-05
0,0.43330893
0,2.7771905e-05
0,0.8052882
0,0.021210615
0,0.61055577
0,0.10316488
0,0.52391195
0,0.506226
0,0.0057109604
0,0.5407683
0,0.5399509
0,0.024476374
0,0.32946634
0,0.22865875
0,0.010388668
0,0.0004326517
0,0.059464894
0,0.009872829
0,0.8652486
0,0.00050186936
0,0.5398587
0,1.06483985e-05
0,0.5079396
0,0.024368547
0,0.00021786346
0,0.053056818
0,6.25561e-05
0,2.494191e-05
0,0.0014327433
0,0.5434532
0,0.043981425
0,0.53027743
0,0.55728793
0,0.066558585
0,0.02927493
0,0.7084457
0,0.08206502
0,0.024228355
0,1.3625111e-06
0,0.062659554
0,0.5083998
0,0.2589449
0,0.5619925
0,0.15082511
0,0.51604813
0,0.37179068
0,0.35920715
0,0.053243235
0,0.0010008276
0,0.0046540676
0,0.29224387
0,0.57746494
0,0.38712347
0,0.08579317
0,8.0296995e-05
0,0.003749426
0,0.0006415387
0,0.0024703238
0,0.33048066
0,0.035412244
0,0.0013308186
0,0.032002226
0,0.060476046
0,0.565472
0,0.05256022
0,0.43678114
0,0.4361894
0,0.0057257656
0,0.56844246
0,0.54483217
0,0.012124532
0,0.0019482056
0,0.40941113
0,1.9168683e-06
0,0.0005872589
0,0.64033103
0,0.56682825
0,0.5538591
0,0.57475346
0,0.54170907
0,0.55307317
0,0.17098269
0,0.044716287
0,0.0008613068
0,0.33425683
0,0.08520515
0,3.3364129e-06
0,0.02406803
0,0.54664576
0,0.5138639
0,0.2999996
0,0.6207839
0,0.72767544
0,0.10763659
0,0.5760541
0,0.4450498
0,1.5139193e-05
0,0.015327706
0,0.53092647
0,0.61883265
0,5.5764013e-07
0,0.7293046
0,0.52993745
0,0.5394582
0,0.014702908
0,0.004679046
0,0.41709748
0,0.067875005
0,0.557258
0,0.8627322
0,0.28826556
0,0.060638335
0,0.67715377
0,0.0082143145
0,0.15257
0,0.011275521
0,0.46464768
0,0.5189494
0,0.5466445
0,0.29272926
0,0.6423945
0,0.01459212
0,0.002378032
0,0.00016756485
0,0.52157545
0,0.00019815058
0,0.009064819
0,0.7658156
0,0.7504855
0,0.5112118
0,0.5443905
0,0.55768925
0,1.5371454e-09
0,0.53498805
0,0.59571785
0,0.55436796
0,0.04991993
0,0.00016185048
0,0.0011135266
0,0.6462671
0,0.6701919
0,0.00087025046
0,0.010034922
0,0.0019187827
0,9.5437485e-05
0,0.24171448
0,0.0011504474
0,0.13967466
0,0.5998848
0,0.0015669867
0,0.64607054
0,0.55541766
0,0.5811833
0,6.419252e-06
0,0.5079131
0,0.00421581
0,0.004566456
0,9.832717e-05
0,0.0061341925
0,0.042961758
0,0.0049640676
0,0.0076350817
0,0.5644253
0,6.8489324e-05
0,1.9633212e-06
0,0.552898
0,0.0106652975
0,0.0027287444
0,0.5583725
0,0.29166
0,0.2256186
0,0.0038165129
0,0.0063498756
0,0.010057736
0,0.5837733
0,0.10594069
0,0.55320865
0,0.091529176
0,0.018525891
0,9.974353e-05
0,0.00018442197
0,0.52744025
0,0.7417143
0,0.040601637
0,0.13950457
0,0.20300306
0,8.9899295e-05
0,0.53581655
0,0.00012818933
0,0.0017926156
0,0.43627986
0,0.5839558
0,0.001648647
0,0.033707872
0,0.038164698
0,0.54962504
0,0.009723975
0,0.028007546
0,0.0004957864
0,0.008690417
0,0.5543085
0,0.13398938
0,0.029271347
0,6.492456e-05
0,0.5922006
0,0.08475693
0,2.0155212e-06
0,0.50617886
0,3.8787928e-07
0,0.00033161958
0,0.12689474
0,0.60353076
0,0.01745783
0,0.5675362
0,0.665342
0,0.7884258
0,0.40195593
0,0.3833246
0,0.0016819662
0,0.08586017
0,0.50710773
0,0.0014459258
0,0.08467088
0,0.10074409
0,0.020120861
0,0.0020707343
0,0.5654108
0,0.43951666
0,0.20320374
0,0.536954
0,0.3553991
0,0.5973383
0,0.0034491608
0,1.706989e-07
0,0.0005799795
0,0.00041243798
0,3.341769e-05
0,0.32659033
0,0.31187263
0,0.509939
0,0.5108854
0,0.47123575
0,0.4676416
0,5.2068353e-06
0,7.875355e-07
0,0.6478992
0,0.5631235
0,0.006035133
0,0.54702514
0,0.5508725
0,0.111529626
0,0.0026034033
0,0.17744166
0,0.008013305
0,0.3974432
0,0.5226932
0,0.081364386
0,0.53307176
0,0.56089944
0,0.09384104
0,0.5697909
0,0.04028948
0,0.65825254
0,0.54742557
0,0.3579382
0,0.7497947
0,0.6651938
0,0.5718322
0,0.63242596
0,0.28520083
0,5.378246e-07
0,0.5685038
0,0.5120867
0,0.03215132
0,0.03481809
0,0.10369725
0,0.269193
0,0.44371632
0,0.567157
0,0.2039928
0,0.33565435
0,0.6107282
0,0.57254684
0,0.73336244
0,0.18685886
0,0.5045398
0,0.06486503
0,0.15034385
0,0.06667126
0,0.40845108
0,0.55848175
0,0.058542036
0,0.055295233
0,0.055480048
0,0.5334957
0,0.3380364
0,0.5657586
0,0.00075319706
0,0.02843174
0,0.03259806
0,0.005718416
0,0.124843344
0,0.5089835
0,0.003276338
0,0.5574903
0,0.0030967821
0,0.4752942
0,0.055100642
0,3.8820122e-07
0,0.010880264
0,0.48689914
0,1.1989668e-05
0,0.53352505
0,0.5824791
0,0.0066979406
0,0.57886046
0,0.08907927
0,0.55922675
0,0.0005856834
0,0.027295904
0,0.7454016
0,0.011833879
0,0.043342978
0,0.23356941
0,0.23232019
0,0.5651554
0,0.024831913
0,0.0042185537
0,0.10497304
0,0.0039821058
0,0.44097024
0,0.55397135
0,0.0019757694
0,0.055071842
0,0.62312037
0,0.53785485
0,0.6663448
0,0.6187267
0,0.54468334
0,2.8055483e-05
0,0.003005823
0,0.56370354
0,0.1490758
0,0.17946951
0,0.8702222
0,0.6939436
0,0.38906035
0,0.008619703
0,0.0051371446
0,0.5152589
0,0.53094125
0,0.004477028
0,0.508026
0,0.5046107
0,0.23170927
0,0.5694673
0,0.045654308
0,0.4457685
0,0.5351123
0,0.00036223733
0,0.0004826098
0,0.58674836
0,0.018872652
0,4.880337e-06
0,0.0027323593
0,0.5751661
0,0.7108401
0,0.13772015
0,0.03399227
0,0.8282761
0,7.817036e-06
0,0.03852245
0,0.34606096
0,0.04563663
0,0.5608343
0,0.020561146
0,0.52393335
0,0.55275774
0,0.109890476
0,0.5813009
0,0.77880955
0,9.734018e-08
0,0.003415542
0,0.00081094244
0,0.56116825
0,0.4218721
0,0.17316443
0,0.0034444863
0,0.55104834
0,0.4514139
0,0.5770786
0,0.018802324
0,0.24186663
0,0.105541155
0,0.0020971808
0,0.006701276
0,0.0049378234
0,0.52523357
0,0.06453597
0,0.0017460745
0,0.025942516
0,0.001178516
0,0.2660906
0,0.5665397
0,0.036075592
0,0.58271945
0,0.38716742
0,0.00040704216
0,7.091951e-05
0,0.0024916122
0,0.73960936
0,0.5267567
0,0.5529752
0,0.5623235
0,0.013537955
0,0.00045752153
0,0.5763194
0,0.8136651
0,0.31201634
0,0.4989394
0,0.6853132
0,0.005636732
0,0.6004756
0,0.0006446559
0,0.5547481
0,0.040219054
0,0.11083062
0,0.2019327
0,0.016600275
0,0.0020084344
0,0.03653735
0,0.0047526686
0,0.0072880113
0,0.08848855
0,0.059670415
0,0.0030941926
0,0.66747576
0,0.600438
0,5.383816e-06
0,0.009562474
0,0.05261665
0,0.03976987
0,0.5409207
0,0.5680815
0,0.031375647
0,0.5319364
0,0.21594815
0,0.00021917836
0,1.2461298e-06
0,0.6665338
0,0.5185553
0,0.1216071
0,0.007824443
0,0.66638035
0,0.0020960514
0,0.45516184
0,0.32215366
0,0.05384153
0,3.3675766e-05
0,0.5779822
0,0.014016312
0,0.0066112513
0,0.0550001
0,0.012071611
0,0.19330364
0,0.042797282
0,0.5879491
0,0.17895143
0,0.6776327
0,0.018088095
0,0.39654148
0,0.28382877
0,0.5196072
0,0.05897449
0,0.0787925
0,0.063047074
0,0.16077341
0,0.6350154
0,0.006372121
0,0.5975461
0,0.24136156
0,0.5807014
0,0.014526846
0,0.5252119
0,7.7286995e-06
0,0.44512942
0,0.036524545
0,0.53427225
0,0.5471268
0,0.52835613
0,0.00051938207
0,0.5479277
0,0.21019948
0,0.123149775
0,0.524258
0,0.54531723
0,0.54117405
0,0.6408062
0,0.044685666
0,0.576085
0,0.36855054
0,1.6474122e-06
0,0.5648195
0,0.50151986
0,0.57403827
0,0.57463944
0,0.0001819265
0,0.5618208
0,0.5474216
0,0.015731955
0,0.06063225
0,0.0016115078
0,0.53801805
0,0.33339232
0,0.36731607
0,0.002410286
0,0.26675275
0,0.008198829
0,0.0026711698
0,0.6207718
0,0.7297287
0,0.17841338
0,0.51308715
0,0.028797153
0,0.5161239
0,0.0045622014
0,0.56259644
0,0.004055628
0,0.07118849
0,0.00615331
0,0.45396358
0,0.078936286
0,0.04060366
0,0.89822996
0,0.0007821539
0,0.832208
0,0.5377643
0,0.06373532
0,0.029580832
0,0.674672
0,0.537507
0,0.2675034
0,0.57943684
0,0.5648081
0,0.007665882
0,0.53388757
0,0.09621372
0,6.1516675e-06
0,0.51651895
0,0.09851951
0,0.0038664402
0,0.0017013183
0,1.9959585e-05
0,0.59953284
0,0.0020485
0,0.53373504
0,0.6036385
0,0.5302191
0,0.5497904
0,5.5955757e-06
0,0.7816383
0,0.42732087
0,0.052462753
0,0.0027963172
0,0.59055823
0,0.90960723
0,0.554713
0,0.54362065
0,0.57897806
0,0.5602221
0,2.451963e-06
0,0.040050164
0,0.53217685
0,0.5688956
0,0.8056737
0,0.72493976
0,0.34952912
0,0.0041956743
0,0.092125736
0,0.510184
0,0.46093005
0,0.119927496
0,0.00036548337
0,0.51978403
0,0.5420662
0,0.07468758
0,0.00011559669
0,0.012270628
0,0.47916964
0,0.5310796
0,0.0004652395
0,0.538839
0,0.19218673
0,0.22797257
0,0.56462055
0,0.3552136
0,0.6653816
0,0.6198583
0,0.60783476
0,0.03226421
0,0.69426155
0,0.020226885
0,0.5380389
0,0.070137635
0,0.26754645
0,0.5617692
0,0.54073393
0,0.0313752
0,0.5134252
0,0.6297662
0,0.0008016103
0,0.31247896
0,0.41817662
0,0.00011707397
0,0.3442614
0,8.783157e-06
0,0.5479315
0,0.41462424
0,0.669446
0,0.018240947
0,0.015308598
0,0.50105745
0,0.69300723
0,0.21317628
0,0.57309794
0,0.68064106
0,0.67742693
0,0.5305902
0,0.5859555
0,0.65539914
0,0.081252314
0,0.44651863
0,3.1904793e-08
0,0.5692411
0,0.0352999
0,7.0515366e-06
0,0.5404219
0,0.57565665
0,0.0009262573
0,0.026889255
0,0.033863813
0,0.004024462
0,2.0434656e-05
0,0.5416093
0,0.121925786
0,0.0062305476
0,0.3333033
0,0.51920265
0,0.0021904318
0,0.005454244
0,0.54886377
0,0.5935108
0,0.026383338
0,0.0070072818
0,0.5124022
0,2.9931077e-06
0,0.52893156
0,0.0052446625
0,0.015529622
0,9.72486e-06
0,0.00026421165
0,1.944865e-05
0,0.54284424
0,0.3070637
0,3.2045797e-08
0,0.6098166
0,0.016381366
0,0.004556006
0,0.00016076626
0,0.00032748657
0,0.51260054
0,0.028126834
0,0.0030221362
0,0.22729245
0,0.5287947
0,0.53582937
0,0.027643798
0,3.5457108e-06
0,0.032315988
0,0.00012910902
0,0.00090756174
0,0.5187687
0,0.00021866738
0,0.01860162
0,0.6601504
0,0.6978151
0,0.6138801
0,0.001700699
0,0.6308722
0,0.0007305893
0,0.53196377
0,0.527259
0,0.002914921
0,0.55880666
0,0.34508756
0,0.004048873
0,0.0019312782
0,0.629233
0,0.010282291
0,0.07309522
0,2.9144801e-05
0,0.31058905
0,0.00026107382
0,0.00022258075
0,0.1985996
0,0.58628756
0,0.5565788
0,0.34143165
0,0.56411266
0,0.049162988
0,0.0029071553
0,0.26801175
0,0.0038573402
0,0.0057232524
0,0.2619432
0,0.5660194
0,0.006480046
0,0.52715826
0,0.006918998
0,0.5438436
0,0.56563944
0,0.21350652
0,5.768949e-05
0,0.5724726
0,0.013764234
0,3.3834217e-06
0,0.13333936
0,4.84762e-05
0,6.174166e-06
0,4.151117e-06
0,0.036802955
0,0.41460875
0,0.002341568
0,0.014332934
0,0.2642308
0,2.2341945e-07
0,0.2940967
0,0.55750823
0,0.2711444
0,0.111243844
0,0.24144837
0,0.0045710863
0,0.6272447
0,0.24447633
0,8.787988e-05
0,0.5534104
0,0.4428701
0,0.44809604
0,0.054222282
0,0.031979345
0,0.06032785
0,0.5709339
0,0.097132854
0,0.1836226
0,0.23661175
0,0.51959294
0,3.6713936e-06
0,0.58895296
0,0.08288139
0,0.5692032
0,0.0017916014
0,0.6546207
0,0.0007878773
0,0.7802
0,0.5661251
0,0.13693124
0,0.5604651
0,0.1415206
0,0.2655627
0,0.11457792
0,0.025917914
0,0.0024956164
0,0.4639491
0,0.46012017
0,0.2846942
0,0.0019440288
0,0.005674918
0,0.0023213485
0,2.7549757e-07
0,0.569331
0,0.51049536
0,1.3641545e-06
0,0.0103156725
0,0.0038204563
0,9.150926e-05
0,0.5428167
0,0.0047508916
0,0.4760821
0,0.5819914
0,0.014271559
0,0.0019111043
0,0.00019436098
0,0.5386826
0,0.0010764822
0,0.031608198
0,0.51183623
0,0.6921174
0,0.20871666
0,0.003827617
0,0.57218206
0,0.012941818
0,0.00037226948
0,0.014003521
0,0.0014634395
0,2.453081e-06
0,4.2050742e-05
0,0.0077136704
0,0.21602735
0,0.5918027
0,0.5382184
0,0.5102534
0,0.0026387312
0,0.006500903
0,0.7070262
0,0.5558941
0,0.2817942
0,0.5371664
0,0.016577374
0,0.008979554
0,0.5692796
0,0.0003618254
0,0.021975499
0,0.51689816
0,0.15054052
0,0.51408386
0,0.00013073526
0,0.5069645
0,0.18836227
0,0.005288177
0,0.0021262537
0,0.0012953657
0,0.059610475
0,0.022566434
0,0.7355415
0,0.04132226
0,0.2701712
0,0.012499913
0,0.005141206
0,0.05553901
0,0.5602896
0,2.2140444e-05
0,0.3498765
0,0.75098485
0,0.6386495
0,0.024954597
0,0.003111655
0,0.39110833
0,0.5238067
0,0.56486034
0,9.1640686e-05
0,0.60267586
0,0.64416045
0,0.5072224
0,0.0084179435
0,0.58865064
0,0.6027195
0,0.5902278
0,0.5471759
0,0.53859186
0,0.006430226
0,0.0001226871
0,0.5455493
0,0.12766726
0,0.7460426
0,0.058065683
0,0.05053414
0,2.1348002e-08
0,0.75758016
0,0.5197541
0,0.05336162
0,0.023525061
0,0.010972367
0,0.24200848
0,2.4425282e-05
0,0.65223795
0,0.63931274
0,0.26249498
0,0.542118
0,2.730011e-05
0,0.55137116
0,0.02826361
0,0.60019386
0,0.0016852409
0,0.112247504
0,0.3311187
0,0.6657376
0,0.52011085
0,0.62343216
0,0.18579014
0,0.56894344
0,0.00021662768
0,0.56156826
0,0.036894772
0,0.00036039416
0,0.00020211267
0,0.53482664
0,0.8652041
0,0.5138083
0,0.57940364
0,0.54716295
0,0.0032827365
0,0.009591298
0,0.5150594
0,0.15033922
0,0.004846909
0,0.09829182
0,0.01449652
0,6.2038126e-09
0,0.0031295372
0,0.5286435
0,7.0646674e-05
0,0.36183846
0,0.58119756
0,0.0020964304
0,0.06839267
0,0.009951798
0,0.5411874
0,0.017816985
0,0.15021348
0,0.015221279
0,0.011800519
0,0.028798027
0,0.042690344
0,0.17292257
0,0.38294053
0,0.2020936
0,0.28382218
0,0.5353556
0,0.52416176
0,0.1918297
0,0.0058387453
0,0.026735524
0,0.55349785
0,0.41734892
0,1.822516e-05
0,0.00031552624
0,0.016987873
0,0.00628871
0,0.58805573
0,0.5548401
0,0.5169612
0,0.72934395
0,0.5183981
0,0.16113354
0,0.0065452894
0,3.6574184e-07
0,0.43067622
0,0.17879385
0,0.000698099
0,0.24254018
0,0.00011360729
0,0.67808026
0,0.030775152
0,0.006362871
0,0.32319525
0,0.045942824
0,0.51221764
0,0.5283047
0,0.017057993
0,0.0074128625
0,0.107446164
0,0.60580564
0,0.20188342
0,0.46472234
0,5.313241e-07
0,2.4459176e-05
0,0.6177452
0,0.0018632858
0,0.5306712
0,0.53730536
0,0.022711037
0,3.4050427e-05
0,0.005851408
0,3.0754767e-05
0,0.74860936
0,0.5457925
0,0.018131286
0,0.014351916
0,3.2661092e-07
0,0.754946
0,0.59128624
0,0.56292003
0,0.6794823
0,0.7996056
0,0.45727333
0,0.521579
0,8.7810186e-05
0,0.014124492
0,0.7801069
0,0.69663805
0,0.2711838
0,0.5872824
0,0.0002011587
0,0.41649622
0,0.5281606
0,6.2139916e-06
0,0.012307381
0,0.28224102
0,0.62647325
0,0.081030704
0,0.06221414
0,0.4647517
0,6.716528e-06
0,0.5740144
0,0.006917481
0,0.19696574
0,0.00055933493
0,0.013566009
0,0.001123261
0,0.5404883
0,0.83223367
0,0.5010782
0,0.4189758
0,0.46596083
0,0.539066
0,0.19356126
0,0.14355688
0,0.52177274
0,0.023581885
0,0.40581095
0,3.1472966e-05
0,0.12993954
0,0.45981663
0,0.0018260394
0,0.39933923
0,1.2605383e-05
0,0.52315694
0,0.00016847595
0,0.56531256
0,1.607932e-07
0,0.0018286966
0,0.00027366687
0,0.0008356952
0,0.7053212
0,0.11323292
0,0.5106831
0,0.22187804
0,0.002938466
0,0.5447042
0,0.5917527
0,0.41977158
0,0.24804547
0,2.332385e-05
0,0.52086055
0,0.00608655
0,0.7282654
0,0.0017430534
0,0.64529747
0,0.21918881
0,0.48125315
0,0.5072117
0,0.0037294077
0,1.8350032e-07
0,0.09627002
0,0.55476433
0,0.003294559
0,0.55108637
0,8.3228704e-05
0,0.48506358
0,0.012529265
0,0.0036815528
0,0.9039412
0,0.5482705
0,0.59379023
0,0.036353916
0,0.5141337
0,0.42590785
0,0.5173269
0,0.23050353
0,0.008247686
0,0.39670402
0,0.18513991
0,0.54178447
0,0.75259364
0,0.00041897755
0,0.36252424
0,0.0084521985
0,0.5048251
0,0.01982552
0,0.0019056875
0,0.5558819
0,0.0026656636
0,0.0028720377
0,0.3213618
0,0.6436862
0,0.75835246
0,0.038078893
0,0.5233769
0,0.0857815
0,0.5662846
0,0.06494615
0,0.0116777
0,0.0038321104
0,0.23379853
0,0.018001309
0,0.5480621
0,0.00015570967
0,8.4570376e-05
0,0.23400673
0,0.62983495
0,0.0032371539
0,0.0035462992
0,0.15967953
0,0.54080194
0,0.0026715116
0,0.04949048
0,0.57589626
0,0.62051344
0,0.44124112
0,2.7738042e-07
0,0.6640239
0,0.045262918
0,0.5530094
0,0.72847253
0,0.42677286
0,0.55281067
0,0.53454566
0,0.7058461
0,0.00015500291
0,0.18133512
0,1.7827422e-07
0,0.000844302
0,1.7855931e-05
0,0.03517584
0,0.6042785
0,0.0076026493
0,0.07350412
0,0.5117333
0,0.009748492
0,0.24400903
0,0.6981953
0,6.5870145e-06
0,0.0005183951
0,0.56730497
0,0.00039314662
0,0.07457578
0,0.50767404
0,0.39707237
0,0.15758465
0,0.52494943
0,0.5290129
0,0.5118714
0,0.008759906
0,0.0072211316
0,0.55901814
0,2.2692177e-07
0,0.38656938
0,0.5608518
0,0.53799933
0,0.014631227
0,0.0017497512
0,6.936118e-06
0,0.5376706
0,0.39623183
0,0.01753208
0,2.6826143e-05
0,0.5645183
0,0.5481306
0,0.5493085
0,0.5785193
0,2.7081155e-06
0,0.51628596
0,0.5827482
0,5.955999e-05
0,0.7639532
0,0.0055449107
0,0.5322188
0,0.00079108705
0,0.29187512
0,0.0022714497
0,7.212716e-06
0,0.43533656
0,0.0006051271
0,0.5200983
0,0.53103477
0,0.6855818
0,0.51046205
0,0.5644423
0,0.0060361335
0,0.6122437
0,0.49226436
0,0.39169472
0,0.011112131
0,0.0057996553
0,0.5462645
0,0.55473197
0,0.69029105
0,0.5985793
0,0.085485294
0,0.56455845
0,0.013790046
0,0.012537705
0,0.43201673
0,0.006183981
0,8.044899e-05
0,0.77859855
0,0.21025252
0,0.53359514
0,0.052441828
0,0.30321258
0,0.002703609
0,0.44707072
0,0.58773124
0,0.6066305
0,0.5677445
0,0.0010117751
0,0.10237826
0,0.54755354
0,0.5827334
0,4.1305208e-07
0,0.0005250726
0,0.5807553
0,0.009798555
0,0.00027093213
0,0.57538986
0,0.5638526
0,0.48650342
0,0.9082183
0,0.7783701
0,0.24822038
0,0.0016171433
0,0.5615886
0,0.06749985
0,0.51745915
0,0.5564638
0,0.57165426
0,0.520326
0,0.5221212
0,0.49573326
0,0.5329324
0,0.24730064
0,0.030296313
0,0.03531503
0,0.011790686
0,0.52326304
0,0.554175
0,0.1484953
0,0.55214125
0,0.11532546
0,0.40006602
0,0.50395894
0,0.3788234
0,0.0030215196
0,0.010141914
0,0.0024978658
0,0.4520875
0,0.41465178
0,0.11160634
0,0.8293659
0,0.6354957
0,0.33953986
0,0.07476112
0,0.0002075753
0,0.516687
0,0.46685523
0,0.009705621
0,0.00031332028
0,0.021500526
0,0.5273299
0,0.038660742
0,0.5107592
0,0.07379949
0,0.58107877
0,0.6045562
0,5.12447e-05
0,0.3978273
0,1.86959e-07
0,0.0046642967
0,0.60619277
0,0.00014148864
0,0.5640245
0,0.0041997125
0,0.62080926
0,0.56931126
0,0.0022153754
0,0.00040524258
0,0.006558306
0,0.4801889
0,0.004615694
0,0.039254237
0,0.555267
0,0.5791344
0,0.0063151605
0,6.332254e-05
0,0.00038164467
0,0.6296307
0,0.115906514
0,0.0036962056
0,0.53504664
0,1.8040015e-05
0,0.008723235
0,0.043140937
0,5.049904e-07
0,0.00011202517
0,0.63369936
0,0.56092894
0,0.0015612876
0,0.62160444
0,0.34188014
0,0.16092032
0,0.024533002
0,0.7491863
0,0.19258067
0,0.5060971
0,0.7282648
0,0.5175829
0,0.55057657
0,0.16512808
0,0.7645583
0,0.625539
0,0.13986583
0,0.3931917
0,0.64143723
0,0.520063
0,1.6241362e-05
0,0.56059074
0,0.0742759
0,0.030532314
0,1.4502371e-05
0,0.007603603
0,0.6016837
0,0.023600405
0,1.7190979e-07
0,0.55706185
0,0.5496209
0,0.57826716
0,0.73742247
0,1.552338e-05
0,0.39201865
0,0.42334387
0,0.2826891
0,0.01288212
0,0.42178562
0,0.19483519
0,0.11518646
0,0.6959766
0,0.0077847266
0,0.79967666
0,0.023709308
0,0.5566654
0,0.37865523
0,0.57064366
0,0.013216938
0,0.0012834149
0,9.591711e-06
