phage_id,host_id,label,prob
JF974294,NZ_CP026219,1,0.93207264
JQ312117,NC_015508,1,0.7257541000000001
NC_021068,NC_006840,1,0.985657
HG428758,NZ_CP016980,1,0.9372226
JF773396,NC_022793,1,0.8235703999999999
NC_019550,NC_022793,1,0.59445435
HQ377373,NC_022793,1,0.59445435
JQ867100,NC_009654,1,0.8631867
AY940168,NZ_CP007753,1,0.9931142
KC542353,NZ_CP013188,1,0.9647181999999999
JF974296,NZ_CP022523,1,0.95135945
HM588722,NZ_CP022523,1,0.69889176
JF974295,NC_021662,1,0.42598158
JF974308,NZ_CP017784,1,0.13834092
JF974307,NZ_CP015043,1,0.7790552
HQ317387,NZ_CP018081,1,0.27315608
FJ591094,NZ_CP018081,1,0.30464903
EF372997,NC_019681,1,0.04332055
GU071108,NC_019681,1,0.14926313
HQ634189,NC_019681,1,0.28219292
HQ634188,NC_019681,1,0.7494187
HQ634187,NC_019681,1,0.8638531999999999
HQ317291,NC_019681,1,0.36223483
HQ317290,NC_019681,1,0.19972607
HQ317385,NC_019681,1,0.23081958
JF974289,NC_019681,1,0.23081958
KF156339,NC_019681,1,0.08560385599999999
HQ317292,NC_019681,1,0.24847707
HQ634177,NC_019681,1,0.15913047
HQ634178,NC_019681,1,0.0667164
HQ317383,NC_019681,1,0.09194193
JF974288,NC_019681,1,0.23081958
JF974293,NC_019681,1,0.59287304
KF156338,NC_019681,1,0.38442335
KF156340,NC_019681,1,0.07360051599999999
HQ317389,NC_019681,1,0.45218915
HQ633071,NC_019681,1,0.08063258
AJ630128,NC_019681,1,0.1097031
AF338467,NC_019681,1,0.08906865
JF974292,NC_019681,1,0.53428996
GU071096,NC_019681,1,0.60173154
GU071097,NC_019681,1,0.5030395999999999
JQ245707,NC_019681,1,0.30661875
GU071106,NC_019681,1,0.68967795
GU071098,NC_019681,1,0.2597596
HQ316603,NC_019681,1,0.09499858
HQ317391,NC_019681,1,0.12143642
KC310806,NC_019681,1,0.12840171
GU071107,NC_019681,1,0.23060177
GU071105,NC_019681,1,0.5469626
HQ615693,NC_019681,1,0.40707308
GU071094,NC_019681,1,0.22547495
HQ634190,NC_019681,1,0.71147513
HQ634191,NC_019681,1,0.1067677
GU071095,NC_019681,1,0.33180016
HQ316583,NC_019681,1,0.11728322
HQ317388,NC_019681,1,0.6683241
HM480106,NC_019681,1,0.029996695
GU936715,NC_019681,1,0.0035687721999999996
GU936714,NC_019681,1,0.78992844
NC_005809,NZ_CP020649,1,0.92363256
NC_020479,NZ_AP014928,1,0.94258034
NC_021772,NZ_CP015923,1,0.35774195
NC_021782,NZ_CP015923,1,0.85904086
NC_022091,NZ_CP012584,1,0.78137094
NC_021801,NZ_CP026063,1,0.9997993000000001
NC_021776,NZ_CP013250,1,0.74182445
NC_019419,NZ_CP024888,1,0.37027544
NC_022746,NZ_CP012584,1,0.8517966999999999
NC_022747,NC_009457,1,0.5679868
NC_022749,NC_004851,1,0.99237823
NC_022758,NZ_CP026063,1,0.9229934000000001
NC_022791,NC_017591,1,0.9648926999999999
NC_021773,NZ_CP026063,1,0.97747463
NC_022917,NZ_CP012688,1,0.8343497999999999
NC_022914,NZ_CP014058,1,0.8846706
NC_022916,NZ_CP007779,1,0.7976558000000001
NC_003525,NZ_CP024888,1,0.7153297
NC_022966,NZ_CP012584,1,0.97381604
NC_022967,NZ_CP012584,1,0.9594259
NC_022970,NZ_CP012584,1,0.9951401
NC_022974,NZ_CP012584,1,0.9889726999999999
NC_022986,NZ_CP012584,1,0.8807299999999999
NC_015294,NZ_CP012584,1,0.3869484
NC_022750,NZ_CP024888,1,0.19013925
NC_023009,NZ_CP026063,1,0.07216068
NC_012223,NZ_CP024888,1,0.26790118
NC_020081,NZ_AP014928,1,0.7331392
NC_021331,NC_004851,1,0.1940389
NC_022765,NZ_AP014928,1,0.71418333
NC_022766,NZ_AP014928,1,0.88374674
NC_022767,NZ_CP010587,1,0.9010074
NC_022770,NZ_CP010587,1,0.17563114
NC_022771,NZ_CP010053,1,0.114901386
NC_022773,NZ_AP014928,1,0.94975406
NC_020205,NZ_CP022265,1,0.13391033
NC_019933,NZ_CP022265,1,0.6117654
NC_022761,NZ_CP010053,1,0.5513628
NC_022762,NC_017469,1,0.70488524
NC_008265,NZ_CP013045,1,0.27350906
NC_013597,NZ_CP012959,1,0.9770684999999999
NC_017732,NZ_CP008814,1,0.54543895
NC_018285,NZ_CP014144,1,0.601661
NC_023503,NZ_CP017064,1,0.9978720999999999
NC_023499,NZ_CP026063,1,0.9990631
NC_023500,NZ_CP026063,1,0.99884653
NC_023502,NZ_CP025506,1,0.9321690999999999
NC_023560,NC_008528,1,0.98484355
NC_023571,NC_008528,1,0.9714370000000001
NC_023573,NZ_CP026063,1,0.9415018
NC_023583,NZ_CP012584,1,0.95325047
NC_023601,NZ_CP013183,1,0.60194224
NC_023608,NZ_CP015923,1,0.86884785
NC_023610,NC_013973,1,0.33883396
NC_023555,NZ_CP020466,1,0.6464658000000001
NC_023561,NZ_CP029718,1,0.053650558
NC_023569,NZ_CP013250,1,0.0948961
NC_023570,NZ_CP024419,1,0.09545623
NC_023581,NZ_CP024419,1,0.5861123
NC_023588,NC_011071,1,0.9807684999999999
NC_023590,NZ_CP024419,1,0.09105849
NC_023591,NC_018150,1,0.9879412000000001
NC_023593,NZ_CP024888,1,0.35236162
NC_023594,NC_017566,1,0.3033165
NC_023549,NC_010408,1,0.45926875
NC_023605,NZ_CP013488,1,0.89380735
NC_023612,NC_006509,1,0.1797626
NC_023614,NC_014230,1,0.9160345
NC_023574,NZ_LT599053,1,0.83940727
NC_022096,NZ_CP012584,1,0.9560679
NC_023694,NC_014659,1,0.8135124
NC_023706,NC_014659,1,0.9792755999999999
NC_023715,NZ_CP009714,1,0.31271409999999994
NC_023717,NC_017933,1,0.7735866
NC_023722,NC_014659,1,0.87951684
NC_023735,NC_014659,1,0.89930016
NC_023736,NZ_CP012688,1,0.6127187
NC_021867,NC_009613,1,0.9999546
NC_023865,NZ_CP020350,1,0.94998574
NC_022982,NZ_CP006697,1,0.0018163302
NC_023596,NZ_CP012584,1,0.93310416
NC_022774,NZ_CP010587,1,0.98866487
NC_021783,NZ_CP015923,1,0.6264935
NC_022764,NZ_CP010587,1,0.106533475
NC_024123,NZ_CP012584,1,0.91850764
NC_024121,NZ_CP018928,1,0.6465048000000001
NC_024134,NZ_CP024888,1,0.9521198000000001
NC_024139,NZ_CP024888,1,0.42159143
NC_024140,NZ_CP012584,1,0.98115826
NC_024142,NZ_CP024888,1,0.739513
NC_024146,NZ_CP024888,1,0.62762386
NC_024124,NZ_CP024888,1,0.18383783
NC_024204,NZ_CP015923,1,0.90481895
NC_019405,NZ_CP023313,1,0.99721175
NC_021342,NZ_CP020466,1,0.9072853000000001
NC_023558,NC_013285,1,0.18767981
NC_005880,NZ_CP026063,1,0.9884376
NC_023863,NZ_CP022100,1,0.6146455
NC_023597,NC_018289,1,0.95942545
NC_023604,NC_018289,1,0.9641951999999999
NC_023606,NC_018289,1,0.97893035
NC_024330,NZ_CP012584,1,0.99635565
NC_024357,NC_017591,1,0.07550181
NC_024360,NZ_CP015985,1,0.46578655
NC_024361,NC_017591,1,0.6970873000000001
NC_024364,NZ_CP015985,1,0.30137235
NC_024365,NZ_CP013183,1,0.96638906
NC_024370,NC_017591,1,0.96585333
NC_024354,NC_017933,1,0.96857464
NC_024356,NZ_LN999990,1,0.3466862
NC_024358,NC_014000,1,0.17629531
NC_024359,NZ_CP015985,1,0.21639545
NC_024362,NZ_CP013183,1,0.45646850000000005
NC_024367,NC_009959,1,0.23341665
NC_024369,NC_009457,1,0.53104424
NC_024375,NZ_CP015985,1,0.49167892
NC_024381,NZ_CP012584,1,0.18602945
NC_024379,NZ_CP024888,1,0.21233985
NC_024383,NZ_CP015985,1,0.3804608
NC_024384,NZ_CP015985,1,0.6996616999999999
NC_024387,NZ_CP015985,1,0.65382135
NC_024391,NZ_CP026063,1,0.99365306
NC_024392,NZ_CP015985,1,0.34799746
NC_012753,NZ_CP017064,1,0.95484835
NC_007924,NZ_CP021427,1,0.99706477
NC_018277,NC_022737,1,0.9667849000000001
NC_018274,NZ_CP012584,1,0.998376
NC_018276,NC_014230,1,0.93349993
NC_018278,NZ_CP007779,1,0.3429083
NC_018283,NZ_CP007779,1,0.9982658000000001
NC_018282,NZ_CP012584,1,0.57875234
NC_018452,NZ_CP013442,1,0.8222805000000001
NC_018454,NC_017933,1,0.99993956
NC_001884,NZ_CP010053,1,0.9689605
NC_001895,NZ_CP024888,1,0.74408627
NC_001954,NZ_CP024888,1,0.9682405000000001
NC_000924,NZ_CP024888,1,0.7500481
NC_000866,NZ_CP024888,1,0.5970316
NC_000871,NZ_CP017064,1,0.9786148000000001
NC_002166,NZ_CP024888,1,0.82524955
NC_002185,NZ_CP017064,1,0.8708226
NC_002214,NZ_CP017064,1,0.8705021999999999
NC_001421,NZ_CP024888,1,0.17972784
NC_001447,NZ_LS483439,1,0.96467906
NC_001697,NZ_LS483411,1,0.99890804
NC_001901,NZ_CP024888,1,0.67424124
NC_001956,NC_009457,1,0.9870336
NC_000929,NZ_CP024888,1,0.37024054
NC_002656,NC_018289,1,0.9839048
NC_002666,NZ_LT599053,1,0.9685344000000001
NC_002669,NZ_LT599053,1,0.7082096
NC_002671,NZ_LT599053,1,0.9895698
NC_002730,NZ_CP024888,1,0.6072783
NC_002747,NZ_LT599053,1,0.8007161
NC_002703,NZ_LT599053,1,0.9258139000000001
NC_000872,NZ_CP017064,1,0.98402554
NC_002486,NZ_CP026063,1,0.9985613000000001
NC_002661,NZ_CP026063,1,0.99578565
NC_002670,NZ_LT599053,1,0.9966248
NC_003288,NZ_CP026063,1,0.9990226999999999
NC_003291,NZ_CP015985,1,0.81756616
NC_003313,NC_009457,1,0.97406286
NC_003157,NZ_LS483386,1,0.99991906
NC_003324,NZ_CP009146,1,0.9991359000000001
NC_003387,NZ_CP009493,1,0.68533075
NC_003444,NC_004851,1,0.992168
NC_003524,NZ_CP013045,1,0.13682145
NC_001900,NZ_CP010337,1,0.88475984
NC_001416,NZ_CP024888,1,0.8341371
NC_004165,NZ_CP010053,1,0.5348835999999999
NC_004167,NZ_CP010053,1,0.99603575
NC_004302,NZ_LT599053,1,0.8495376
NC_004303,NZ_CP017064,1,0.9868998999999999
NC_004313,NZ_CP015923,1,0.9787634
NC_003315,NZ_LS483411,1,0.97410077
NC_004615,NZ_CP026063,1,0.9998516
NC_004616,NZ_CP026063,1,0.98855644
NC_004617,NZ_CP026063,1,0.99709547
NC_004629,NZ_CP012584,1,0.004454090999999999
NC_004665,NC_010501,1,0.46998182
NC_004679,NZ_CP026063,1,0.9210434000000001
NC_004745,NZ_CP009714,1,0.55839586
NC_004746,NZ_LT599053,1,0.7500624
NC_004813,NZ_CP024888,1,0.9870264000000001
NC_004902,NZ_CP019089,1,0.9662821
NC_004913,NZ_CP024888,1,0.7826265
NC_004996,NZ_CP014326,1,0.9995473
NC_005066,NZ_CP024888,1,0.34734994
NC_005091,NZ_CP013442,1,0.99480236
NC_004914,NZ_CP024888,1,0.7826265
NC_005260,NZ_CP007566,1,0.65303457
NC_003907,NZ_CP013250,1,0.17229918
NC_004466,NZ_CP012584,1,0.9269651
NC_003309,NZ_CP004386,1,0.8138261999999999
NC_004066,NZ_LT599053,1,0.9885999
NC_004777,NZ_CP009714,1,0.55536836
NC_005262,NZ_CP013442,1,0.9883455
NC_003298,NZ_CP024888,1,0.25525823
NC_002668,NZ_LT599053,1,0.96379715
NC_005354,NZ_CP016630,1,0.7261693
NC_005355,NZ_CP016630,1,0.9804181000000001
NC_005356,NZ_CP026063,1,0.97928876
NC_005357,NZ_CP020649,1,0.92363256
NC_005808,NZ_CP020649,1,0.92363256
NC_005822,NZ_LT599053,1,0.93919605
NC_005884,NZ_CP012584,1,0.55667144
NC_005887,NZ_CP013442,1,0.96892047
NC_005891,NC_009457,1,0.5296933000000001
NC_003085,NC_008095,1,0.98713857
NC_002321,NZ_CP026063,1,0.97466767
NC_001942,NC_011025,1,0.99977726
NC_002667,NZ_LT599053,1,0.9894014999999999
NC_005284,NZ_CP008892,1,0.99274
NC_005342,NZ_CP013442,1,0.9943071
NC_001609,NZ_CP024888,1,0.60264367
NC_003278,NZ_CP012584,1,0.9989041
NC_005083,NZ_CP013250,1,0.87722135
NC_004735,NC_015967,1,0.4854977
NC_001604,NZ_CP024888,1,0.12092015
NC_005879,NC_009457,1,0.65187955
NC_005893,NC_010999,1,0.93005097
NC_002371,NZ_CP015923,1,0.5573975
NC_005345,NZ_CP018075,1,0.9392296999999998
NC_005857,NZ_CP017929,1,0.93690974
NC_005833,NZ_CP024888,1,0.33820915
NC_005344,NC_004851,1,0.84628373
NC_002484,NZ_CP012584,1,0.9675059000000001
NC_004740,NZ_CP026063,1,0.92125875
NC_004585,NZ_LS483386,1,0.98900723
NC_004586,NZ_LS483386,1,0.99212414
NC_004587,NZ_LS483386,1,0.999951
NC_004588,NZ_LS483386,1,0.98725337
NC_004589,NZ_LS483386,1,0.9996716999999998
NC_004584,NZ_LS483386,1,0.99778545
NC_006548,NZ_CP012584,1,0.99193794
NC_006565,NZ_CP016071,1,0.5284446999999999
NC_001825,NC_017591,1,0.93749934
NC_004166,NZ_CP010053,1,0.9830777
NC_000896,NZ_CP021427,1,0.9905226999999999
NC_003216,NZ_CP015985,1,0.68462986
NC_001271,NC_008791,1,0.014478043999999999
NC_002167,NZ_CP024888,1,0.87195045
NC_003356,NZ_CP024888,1,0.9165841999999998
NC_003050,NC_017591,1,0.9665663000000001
NC_004112,NC_010999,1,0.9988700999999999
NC_005294,NC_017591,1,0.98830044
NC_002072,NZ_CP017064,1,0.8819776
NC_006552,NZ_CP012584,1,0.9981121999999999
NC_004928,NZ_CP024888,1,0.3042882
NC_006936,NZ_CP016071,1,0.9445928
NC_005045,NZ_CP012584,1,0.9787921
NC_005069,NC_008791,1,0.95728934
NC_002796,NZ_LT599053,1,0.9947267
NC_007021,NZ_CP026063,1,0.6099836
NC_007019,NZ_CP017064,1,0.8612189
NC_007024,NC_007506,1,0.65283895
NC_007050,NZ_CP026063,1,0.9999113000000002
NC_007066,NZ_CP026063,1,0.9169792
NC_007045,NZ_CP026063,1,0.82225746
NC_007046,NZ_CP026063,1,0.7767135000000001
NC_007048,NZ_CP026063,1,0.9999056000000001
NC_007049,NZ_CP026063,1,0.9999161
NC_007051,NZ_CP026063,1,0.99137974
NC_007052,NZ_CP026063,1,0.9996997
NC_007053,NZ_CP026063,1,0.96850586
NC_007054,NZ_CP026063,1,0.95632845
NC_007055,NZ_CP026063,1,0.9487131
NC_007056,NZ_CP026063,1,0.9450886999999999
NC_007057,NZ_CP026063,1,0.9991504000000001
NC_007058,NZ_CP026063,1,0.99981374
NC_007059,NZ_CP026063,1,0.99800295
NC_007060,NZ_CP026063,1,0.9997956
NC_007061,NZ_CP026063,1,0.9982873999999999
NC_007062,NZ_CP026063,1,0.9996951999999999
NC_007063,NZ_CP026063,1,0.9997627
NC_007064,NZ_CP026063,1,0.99961925
NC_007065,NZ_CP026063,1,0.9994179
NC_007145,NZ_CP008892,1,0.9827315000000001
NC_007291,NZ_CP024888,1,0.6387438
NC_007457,NC_007323,1,0.779251
NC_007456,NZ_CP024888,1,0.36698437
NC_007501,NC_021723,1,0.9941167999999999
NC_007581,NZ_CP013844,1,0.95054984
NC_007603,NZ_CP024888,1,0.6378081999999999
NC_007623,NZ_CP012584,1,0.49255649999999995
NC_007637,NZ_CP024888,1,0.17653953
NC_007709,NZ_CP019089,1,0.22424051
NC_007710,NZ_CP019089,1,0.9601644
NC_007734,NC_007323,1,0.23649788
NC_007804,NZ_CP024888,1,0.53565556
NC_007814,NC_007323,1,0.18303154
NC_007805,NZ_CP012584,1,0.97210985
NC_007806,NZ_CP012584,1,0.21571119
NC_007807,NZ_CP012584,1,0.46598336
NC_007808,NZ_CP012584,1,0.16150542
NC_007809,NZ_CP012584,1,0.45721346
NC_007810,NZ_CP012584,1,0.9074051
NC_007917,NZ_CP010888,1,0.9867872999999999
NC_017865,NZ_CP012584,1,0.96600527
NC_017864,NZ_CP012584,1,0.2833902
NC_017969,NZ_CP024888,1,0.12076623
NC_017968,NZ_CP026063,1,0.9975879000000001
NC_017984,NZ_CP024419,1,0.7748626000000001
NC_017978,NZ_CP013045,1,0.08851522
NC_017974,NC_017933,1,0.92397183
NC_017980,NZ_CP013045,1,0.21081358
NC_018083,NZ_CP013045,1,0.20908490000000002
NC_018084,NZ_CP013045,1,0.22722754
NC_008201,NZ_CP023043,1,0.99994075
NC_008364,NZ_LT599053,1,0.74722683
NC_008464,NZ_CP024888,1,0.90820634
NC_008562,NZ_CP020771,1,0.6527877
NC_008583,NZ_CP026063,1,0.99988306
NC_008689,NZ_CP026063,1,0.9907142
NC_008694,NZ_CP009714,1,0.35925645
NC_008720,NZ_CP024888,1,0.48121727
NC_008721,NZ_CP025419,1,0.99979407
NC_008798,NZ_CP026063,1,0.9996835999999999
NC_008799,NZ_CP026063,1,0.9995453000000001
NC_009014,NC_013973,1,0.5069889
NC_009016,NZ_CP013250,1,0.1354987
NC_009015,NC_010553,1,0.59133387
NC_009018,NZ_LS483367,1,0.9649314
NC_009231,NZ_CP010888,1,0.9998684000000001
NC_009236,NZ_CP008892,1,0.9925620999999999
NC_009234,NZ_CP004386,1,0.9792029000000001
NC_009237,NZ_CP004386,1,0.963304
NC_009382,NZ_CP012688,1,0.9976646999999998
NC_009447,NZ_CP013442,1,0.83191943
NC_009514,NZ_CP024888,1,0.8300867000000001
NC_009541,NC_018707,1,0.95769995
NC_009543,NZ_CP019089,1,0.1669173
NC_009540,NZ_CP024888,1,0.39107212
NC_009554,NC_017469,1,0.84586185
NC_009604,NZ_CP007779,1,0.9752235999999999
NC_009761,NZ_CP026063,1,0.9943393
NC_009762,NZ_CP026063,1,0.9692559999999999
NC_009763,NZ_CP026063,1,0.98970795
NC_009817,NZ_LT599053,1,0.6663226
NC_009819,NC_011134,1,0.77404994
NC_009820,NC_018289,1,0.99486685
NC_009821,NZ_CP024888,1,0.8214872
NC_009810,NZ_CP015985,1,0.77531785
NC_009812,NZ_CP015985,1,0.8445521999999999
NC_009813,NZ_CP015985,1,0.611362
NC_009814,NZ_CP015985,1,0.14148955
NC_009815,NZ_CP015985,1,0.47981480000000004
NC_009875,NZ_CP026063,1,0.9565339
NC_009935,NZ_CP012584,1,0.9657308000000001
NC_009936,NZ_CP012584,1,0.90012926
NC_010106,NZ_CP024888,1,0.3616844
NC_010105,NZ_CP024888,1,0.8214290999999999
NC_010116,NZ_CP012584,1,0.5377057
NC_010147,NZ_CP026063,1,0.99905914
NC_010179,NZ_CP016630,1,0.15905465
NC_010275,NC_009457,1,0.59608835
NC_010324,NZ_CP024888,1,0.35564917
NC_010325,NZ_CP012584,1,0.73001313
NC_010326,NZ_CP012584,1,0.7219156999999999
NC_010353,NZ_CP017064,1,0.9153054
NC_010355,NZ_CP007798,1,0.9670502000000001
NC_010495,NZ_CP015923,1,0.8258504000000001
NC_010237,NZ_CP024888,1,0.76198727
NC_010576,NZ_LT599053,1,0.36702952
NC_010762,NC_018289,1,0.9917011999999998
NC_010763,NC_018289,1,0.9858818000000001
NC_010808,NZ_CP026063,1,0.99989784
NC_010807,NZ_CP015923,1,0.86280644
NC_010945,NZ_CP017295,1,0.98859274
NC_011040,NZ_CP024888,1,0.14351583
NC_011042,NZ_CP024888,1,0.4127338
NC_011045,NZ_CP024888,1,0.39344212
NC_011044,NC_018289,1,0.7366264
NC_011039,NC_018289,1,0.85386324
NC_011048,NZ_CP010053,1,0.48800653
NC_011085,NZ_CP025933,1,0.8143476
NC_011105,NZ_CP012584,1,0.9879825000000001
NC_011107,NZ_CP012584,1,0.9948959999999999
NC_011104,NC_021723,1,0.98880404
NC_011165,NZ_CP012584,1,0.9072853000000001
NC_011166,NZ_CP012584,1,0.9851798
NC_011201,NZ_CP012688,1,0.7274055
NC_011222,NZ_LN877293,1,0.30118227
NC_011318,NZ_CP013045,1,0.09753110000000001
NC_011344,NZ_CP026063,1,0.9594069
NC_011357,NZ_CP024888,1,0.84195
NC_011356,NZ_CP024888,1,0.94215786
NC_011373,NZ_CP012584,1,0.9935004000000001
NC_011398,NZ_CP010888,1,0.9995078000000002
NC_011399,NZ_CP012688,1,0.977815
NC_011523,NC_007323,1,0.20127118
NC_011589,NC_011071,1,0.988667
NC_011611,NZ_CP012584,1,0.99843985
NC_011612,NZ_CP026063,1,0.8634226999999999
NC_011613,NZ_CP012584,1,0.9822396999999999
NC_011614,NZ_CP026063,1,0.9997625
NC_011756,NZ_CP012584,1,0.9521584999999999
NC_011802,NZ_CP015923,1,0.97760826
NC_011810,NZ_CP012584,1,0.87558794
NC_011811,NC_013973,1,0.12293216
NC_011976,NZ_CP015923,1,0.98620635
NC_012027,NC_018289,1,0.9224091
NC_012093,NZ_CP013183,1,0.8605026
NC_012418,NZ_CP012584,1,0.99159396
NC_012662,NZ_CP013250,1,0.42995065
NC_012663,NZ_LT599053,1,0.84530765
NC_012697,NC_006569,1,0.5338533000000001
NC_012740,NZ_CP024888,1,0.91027683
NC_012741,NZ_CP024888,1,0.8585354
NC_012742,NC_007506,1,0.056250837000000005
NC_012749,NZ_CP024888,1,0.8577526
NC_012743,NZ_CP007779,1,0.94478095
NC_012756,NZ_CP023507,1,0.99599886
NC_012784,NZ_CP026063,1,0.99514633
NC_013059,NZ_CP015923,1,0.9896913
NC_013195,NZ_CP026063,1,0.9989968000000001
NC_013594,NZ_CP024888,1,0.87339765
NC_013598,NZ_CP017064,1,0.88560116
NC_013599,NZ_CP006697,1,0.19987465
NC_013638,NC_016830,1,0.99767035
NC_013647,NZ_CP028786,1,0.5146788
NC_013649,NZ_CP028786,1,0.48273224
NC_013648,NZ_CP008814,1,0.4303424
NC_013646,NZ_CP008814,1,0.51662487
NC_013645,NZ_CP017064,1,0.88337654
NC_013643,NZ_CP008814,1,0.48437070000000004
NC_013696,NZ_CP008814,1,0.8682219000000001
NC_013697,NC_010002,1,0.9558690000000001
NC_013698,NC_010408,1,0.95026374
NC_013692,NZ_CP012584,1,0.9910396
NC_013691,NZ_CP012584,1,0.9764598
NC_014036,NZ_CP028786,1,0.9334148999999999
NC_014229,NC_004719,1,0.685964
NC_014260,NZ_CP024888,1,0.7213173
NC_014460,NZ_CP026063,1,0.9995881
NC_014467,NZ_CP024888,1,0.3059432
NC_014792,NZ_CP024888,1,0.9032711999999999
NC_014900,NZ_CP015923,1,0.9516488999999999
NC_006940,NZ_CP015923,1,0.9332666999999999
NC_017973,NC_018289,1,0.9901468000000001
NC_009235,NZ_CP008892,1,0.9721361999999999
NC_011038,NZ_CP009714,1,0.37471834
NC_015157,NC_009457,1,0.9701877
NC_015158,NC_009457,1,0.84560126
NC_015159,NC_009457,1,0.97662044
NC_015210,NC_014159,1,0.009697983
NC_015249,NZ_CP024888,1,0.16151051
NC_015262,NZ_CP010888,1,0.8938415000000001
NC_015263,NZ_LT599053,1,0.8978393
NC_015264,NC_016830,1,0.98993605
NC_015265,NZ_CP007779,1,0.9888892
NC_015266,NC_010553,1,0.9195846999999999
NC_015271,NZ_CP015923,1,0.887432
NC_015273,NZ_CP007779,1,0.8239273000000001
NC_015274,NC_017591,1,0.87655514
NC_015296,NZ_CP015923,1,0.47156683
NC_015456,NC_004851,1,0.84503853
NC_015464,NZ_CP010490,1,0.28358558
NC_015466,NZ_CP027408,1,0.37535477
NC_015568,NZ_CP010888,1,0.9670915999999999
NC_015937,NC_006463,1,0.13479523
NC_015938,NZ_CP015923,1,0.42815176
NC_016158,NZ_CP024888,1,0.96707314
NC_016160,NZ_CP024888,1,0.789357
NC_016163,NC_008791,1,0.053602885
NC_016165,NC_014035,1,0.87599564
NC_016562,NZ_CP010490,1,0.37250113
NC_016565,NZ_CP026063,1,0.5603935999999999
NC_016568,NC_021216,1,0.768825
NC_016569,NC_018681,1,0.9498991
NC_016570,NZ_CP024888,1,0.67578506
NC_016571,NC_016830,1,0.08948779
NC_016652,NC_014659,1,0.9937396000000001
NC_016654,NC_014659,1,0.9985423000000001
NC_016762,NZ_CP012584,1,0.9979413
NC_016763,NZ_CP015923,1,0.96088445
NC_016765,NZ_CP012584,1,0.96501565
NC_016767,NZ_CP023568,1,0.004250599
NC_016770,NZ_LN877293,1,0.7024279
NC_018834,NC_018707,1,0.98145676
NC_018836,NC_003904,1,0.89006233
NC_018838,NC_018707,1,0.9704204
NC_018839,NC_018707,1,0.89190704
NC_018840,NC_018707,1,0.97493434
NC_018841,NC_018707,1,0.9792244000000001
NC_018842,NC_018707,1,0.951941
NC_018843,NZ_CP015923,1,0.72608334
NC_018845,NC_018707,1,0.96671695
NC_018846,NZ_CP024888,1,0.8796785
NC_018847,NC_018707,1,0.96199757
NC_018848,NZ_CP018075,1,0.8656113000000001
NC_018849,NC_018707,1,0.98166174
NC_018853,NC_004719,1,0.85070956
NC_018854,NZ_CP024888,1,0.5896574
NC_018859,NZ_CP024888,1,0.47879532
NC_018861,NZ_CP010490,1,0.3724147
NC_018851,NC_018707,1,0.95268923
NC_019401,NC_017933,1,0.8103696
NC_019402,NC_017933,1,0.88225085
NC_019403,NZ_CP024888,1,0.14347820000000003
NC_019406,NZ_CP023313,1,0.997373
NC_019407,NZ_CP023313,1,0.9881620000000001
NC_019408,NZ_CP023313,1,0.79894763
NC_019410,NZ_CP023313,1,0.9977679
NC_019411,NZ_CP023313,1,0.9757254000000001
NC_019414,NC_003904,1,0.8504415000000001
NC_019421,NZ_CP010888,1,0.99200857
NC_019422,NZ_CP010888,1,0.97343826
NC_017674,NZ_CP012584,1,0.9946212999999999
NC_019442,NZ_CP024888,1,0.6979384
NC_019445,NZ_CP024888,1,0.9634091999999999
NC_019446,NC_006933,1,0.9494715
NC_019447,NZ_LT962937,1,0.9952369000000001
NC_019448,NZ_CP026063,1,0.9519835999999999
NC_019451,NZ_CP012584,1,0.99479276
NC_019455,NC_011852,1,0.99512607
NC_019456,NC_017469,1,0.9312648000000001
NC_019457,NC_009457,1,0.96226954
NC_019485,NZ_CP029718,1,0.020615928000000002
NC_019488,NZ_CP015923,1,0.8224568999999999
NC_019490,NC_017569,1,0.95708096
NC_019496,NZ_CP013045,1,0.14789215
NC_019500,NZ_CP024888,1,0.76335895
NC_019501,NZ_CP024888,1,0.7426752
NC_019504,NC_013973,1,0.51073295
NC_019505,NZ_CP024888,1,0.87920886
NC_019506,NZ_CP013045,1,0.14174475
NC_019508,NZ_CP013045,1,0.18464033
NC_019509,NC_017933,1,0.9726068000000001
NC_019510,NC_013973,1,0.62279105
NC_019511,NZ_CP026063,1,0.9900213999999999
NC_019512,NC_021216,1,0.46962732
NC_019513,NZ_CP026063,1,0.964902
NC_019514,NC_013973,1,0.42342797
NC_019518,NC_009457,1,0.85211676
NC_019522,NZ_CP020350,1,0.99394715
NC_019523,NZ_CP013045,1,0.26896504
NC_019525,NZ_CP020946,1,0.79086226
NC_019529,NZ_CP013250,1,0.96350634
NC_018835,NZ_CP024888,1,0.6763054000000001
NC_018855,NZ_CP024888,1,0.32322952
NC_019398,NC_017933,1,0.57155216
NC_019400,NC_017933,1,0.9731309000000001
NC_019416,NC_011071,1,0.65985805
NC_019423,NZ_CP024888,1,0.4825311
NC_019538,NZ_CP007566,1,0.943192
NC_019539,NZ_CP015923,1,0.8947379000000001
NC_019541,NZ_CP024419,1,0.45564884
NC_005178,NZ_CP012584,1,0.9802711999999999
NC_004333,NZ_CP013442,1,0.9835702
NC_004775,NZ_CP015923,1,0.90340424
NC_005263,NZ_CP007779,1,0.9957845999999999
NC_005882,NZ_CP007779,1,0.98723733
NC_005886,NZ_CP007779,1,0.97856766
NC_005964,NC_014921,1,0.99981266
NC_007497,NZ_CP013442,1,0.93060297
NC_008717,NZ_CP012584,1,0.9985322
NC_009818,NZ_CP012584,1,0.9967187
NC_011216,NZ_CP007779,1,0.96673167
NC_019517,NZ_CP024888,1,0.93225515
NC_019726,NZ_CP026063,1,0.69826126
NC_019781,NZ_CP028786,1,0.83527744
NC_019813,NZ_CP012584,1,0.86128134
NC_009993,NC_018289,1,0.9695681
NC_019909,NC_008791,1,0.6435571999999999
NC_019916,NZ_CP016071,1,0.68379813
NC_019917,NZ_CP007779,1,0.9968735999999999
NC_019919,NC_008791,1,0.86967885
NC_019927,NC_017933,1,0.99991214
NC_019928,NC_021216,1,0.87151885
NC_019931,NC_021216,1,0.7158640000000001
NC_019932,NC_013973,1,0.49330953
NC_019934,NC_017933,1,0.9880553
NC_019935,NZ_CP012584,1,0.9719042999999999
NC_017971,NC_010501,1,0.97301054
NC_020197,NZ_CP017064,1,0.97822386
NC_020201,NZ_CP009126,1,0.8672825000000001
NC_020204,NZ_CP028786,1,0.12985002
NC_020080,NZ_CP028786,1,0.7706459
NC_019449,NC_017469,1,0.7039191
NC_019450,NZ_CP012584,1,0.9896628000000001
NC_020414,NZ_CP015923,1,0.44779566
NC_020488,NC_004460,1,0.60677856
NC_020489,NC_014035,1,0.7747499
NC_016653,NC_022125,1,0.34616938
NC_009811,NZ_CP015985,1,0.32622263
NC_011041,NZ_CP024888,1,0.9120333
NC_004678,NZ_CP026063,1,0.9210434000000001
NC_020416,NZ_CP015923,1,0.91424626
NC_020876,NC_018289,1,0.96313554
NC_021062,NC_016830,1,0.9381369
NC_018832,NZ_CP027398,1,0.87514704
NC_018850,NC_016830,1,0.98492634
NC_019918,NZ_CP012584,1,0.9881740999999999
NC_019913,NZ_CP012584,1,0.9784514999999999
NC_020883,NZ_CP010053,1,0.6672449
NC_016655,NC_014659,1,0.9959292
NC_021556,NZ_CP010337,1,0.68008345
NC_019418,NZ_CP025419,1,0.6707571
NC_021347,NC_014659,1,0.9776328000000001
NC_021326,NZ_CP026063,1,0.9962023999999999
NC_021332,NZ_CP026063,1,0.99518126
NC_021531,NC_017933,1,0.9752296999999999
NC_021316,NZ_CP024419,1,0.8964846
NC_021533,NC_018289,1,0.99168515
NC_021337,NZ_CP024419,1,0.37850323
NC_021323,NZ_CP026063,1,0.9663796999999998
NC_021343,NZ_CP008892,1,0.98297966
NC_021540,NC_009457,1,0.10392624
NC_021532,NC_018678,1,0.9404746999999999
NC_021334,NC_018289,1,0.9952424999999999
NC_021338,NZ_CP010337,1,0.14231528
NC_021318,NZ_CP010337,1,0.1833269
NC_021775,NZ_CP015923,1,0.53062034
NC_021779,NZ_CP015923,1,0.9743669
NC_021780,NZ_CP015923,1,0.25072426
NC_021774,NZ_CP015923,1,0.9622716
NC_021859,NZ_CP010337,1,0.682558
NC_021861,NZ_LT599053,1,0.95260316
NC_021336,NZ_CP009746,1,0.5815965
NC_021562,NC_009457,1,0.98872656
NC_019452,NZ_CP024888,1,0.8048243
NC_021856,NZ_CP010053,1,0.18954068
NC_000902,NZ_CP024888,1,0.8350605999999999
NC_004348,NZ_CP015923,1,0.9498886999999999
NC_005856,NZ_CP024888,1,0.73242867
NC_008152,NZ_CP024888,1,0.15169261
NC_020477,NZ_AP014928,1,0.9498162
NC_020478,NZ_AP014928,1,0.8847221
NC_020480,NZ_AP014928,1,0.68010545
NC_022323,NZ_CP024888,1,0.905775
NC_022335,NC_018707,1,0.9573014999999999
NC_022336,NC_018707,1,0.9835608
NC_022337,NC_018707,1,0.94822025
NC_022338,NC_018707,1,0.9629573
NC_022339,NC_018707,1,0.92406577
NC_022340,NC_018707,1,0.98345506
NC_022341,NC_018707,1,0.9634396999999999
NC_022342,NC_018707,1,0.96604383
NC_021778,NZ_CP023043,1,0.99994266
NC_021863,NZ_CP026063,1,0.9957722
NC_022094,NC_007323,1,0.770822
NC_019929,NC_013973,1,0.77854127
AB362338,NZ_CP015923,1,0.56714916
AB426868,NZ_CP015923,1,0.56714916
AB626963,NZ_CP026063,1,0.88477045
AB920995,NZ_CP012688,1,0.9642097
AB981169,NZ_CP012688,1,0.9958488999999999
AB981170,NZ_CP012688,1,0.975659
AF416590,NC_009457,1,0.34683225
AF527608,NZ_CP015923,1,0.5573975
AP011113,NZ_CP024888,1,0.34377608
AP011616,NC_006463,1,0.1772562
CP000711,NZ_CP024888,1,0.9000239
DQ004855,NZ_CP015985,1,0.27841592
DQ113772,NC_017591,1,0.95563763
DQ386162,NC_018089,1,0.16231506
DQ394806,NZ_LT599053,1,0.83306676
DQ394807,NZ_LT599053,1,0.83306676
DQ394808,NZ_LT599053,1,0.9885999
DQ394809,NZ_LT599053,1,0.9750084000000001
DQ426905,NZ_CP023043,1,0.99994075
DQ530360,NZ_CP026063,1,0.99967086
DQ530362,NZ_CP026063,1,0.99977225
DQ838728,NZ_LT599053,1,0.92532235
EF136587,NZ_CP026063,1,0.32437187
EF136588,NZ_CP026063,1,0.715801
EF136589,NZ_CP026063,1,0.83380586
EU078592,NZ_CP024888,1,0.8353285
EU418428,NZ_CP026063,1,0.9873065999999999
FJ848884,NZ_LT599053,1,0.9732068000000001
FJ848885,NZ_LT599053,1,0.9780115
FM180578,NZ_CP024888,1,0.8564091
FN297812,NZ_CP013250,1,0.33686897
FR775895,NZ_CP024888,1,0.37837473
FR823450,NZ_CP010490,1,0.9375197000000001
FR852584,NZ_CP026063,1,0.9304908000000002
GQ478082,NZ_CP008814,1,0.5016326
GQ478083,NZ_CP008814,1,0.5016326
GQ478085,NZ_CP008814,1,0.37324473
GQ478087,NZ_CP008814,1,0.5071597
GU196277,NZ_CP024888,1,0.36826116
GU196278,NZ_CP024888,1,0.33831418
GU196279,NZ_CP024888,1,0.39402270000000006
GU196280,NZ_CP024888,1,0.37993887
GU196281,NZ_CP024888,1,0.184393
GU323708,NC_017465,1,0.9279681999999999
GU903191,NZ_CP024888,1,0.60027534
HE956707,NC_008791,1,0.056753833
HE956711,NZ_CP009714,1,0.27708566
HE983844,NZ_CP012584,1,0.97335887
HG803181,NC_004460,1,0.9091245000000001
HM137666,NZ_CP024888,1,0.5970316
HM152765,NC_018289,1,0.99415016
HM208303,NZ_CP024888,1,0.81012064
HM368260,NZ_CP024419,1,0.50363386
HM755814,NC_018289,1,0.96011716
HQ110083,NC_017933,1,0.9610685999999999
HQ634152,NC_005072,1,0.32272956
HQ641341,NC_009457,1,0.98109275
HQ641343,NC_009457,1,0.97662044
HQ641344,NC_009457,1,0.982334
HQ641346,NC_009457,1,0.9259407
HQ641348,NC_009457,1,0.99144465
HQ641349,NC_009457,1,0.99144465
HQ641350,NC_009457,1,0.9822711999999999
HQ641351,NC_009457,1,0.9800245000000001
HQ641352,NC_009457,1,0.9916636000000001
HQ641353,NC_009457,1,0.98424524
HQ641354,NC_009457,1,0.99061006
HQ728263,NC_013973,1,0.030346055
HQ906662,NZ_AP013028,1,0.97731405
HQ906663,NZ_AP013028,1,0.993246
HQ906664,NZ_AP013028,1,0.79126257
HQ906665,NZ_AP013028,1,0.99557096
HQ906666,NZ_AP013028,1,0.98465043
JF314845,NC_017933,1,0.9531646
JF461087,NZ_CP015923,1,0.52795285
JF704093,NC_018289,1,0.9813968000000001
JF704095,NC_018289,1,0.9476517
JF704097,NC_018289,1,0.9822642
JF704098,NC_018289,1,0.9690896999999999
JF704101,NC_018289,1,0.97229326
JF704107,NC_018289,1,0.9895871999999999
JF704108,NC_018289,1,0.98302424
JF704110,NC_018289,1,0.9901931999999999
JF704117,NC_018289,1,0.997189
JF713456,NZ_CP009468,1,0.42830738
JF767210,NZ_CP013045,1,0.14717108
JF937090,NC_018289,1,0.9987947
JF937091,NC_018289,1,0.9921595
JF937093,NC_018289,1,0.99834454
JF937094,NC_018289,1,0.9729898000000001
JF937098,NC_018289,1,0.9933688
JF937099,NC_018289,1,0.96018267
JF937100,NC_018289,1,0.9603324000000001
JF937101,NC_018289,1,0.9153659
JF937102,NC_018289,1,0.94397944
JF937103,NC_018289,1,0.99176747
JF937104,NC_018289,1,0.44239718
JF937110,NC_018289,1,0.7630418999999999
JF957057,NC_018289,1,0.9912451999999999
JF957058,NC_018289,1,0.9838395000000001
JN020140,NC_018289,1,0.96282125
JN049605,NC_018289,1,0.92350787
JN083852,NC_018289,1,0.9811274999999999
JN185608,NC_018289,1,0.94581807
JN254801,NZ_CP012584,1,0.9866345
JN408459,NC_018289,1,0.98491055
JN600672,NC_018289,1,0.93481624
JN699010,NC_018289,1,0.99551857
JN699019,NC_018289,1,0.6658917
JN699628,NC_018289,1,0.9971023000000001
JN831653,NC_018289,1,0.9921199
JN831654,NC_018289,1,0.9901472
JN849462,NZ_CP013250,1,0.8692296999999999
JN859129,NC_018289,1,0.9977831
JQ067083,NZ_CP012584,1,0.7976838
JQ067084,NZ_CP012584,1,0.9921846
JQ067085,NZ_CP012584,1,0.96037865
JQ347801,NZ_CP024888,1,0.9374110999999999
JQ691610,NZ_CP015923,1,0.9876929
JQ692107,NC_004460,1,0.21191496
JQ698665,NC_018289,1,0.9962794
JQ740788,NZ_LT599053,1,0.9395744
JQ740789,NZ_LT599053,1,0.9448561
JQ740790,NZ_LT599053,1,0.99103254
JQ740791,NZ_LT599053,1,0.94312495
JQ740792,NZ_LT599053,1,0.97755057
JQ740793,NZ_LT599053,1,0.96152616
JQ740794,NZ_LT599053,1,0.96152616
JQ740795,NZ_LT599053,1,0.9747318000000001
JQ740796,NZ_LT599053,1,0.94128776
JQ740797,NZ_LT599053,1,0.94128776
JQ740798,NZ_LT599053,1,0.96152616
JQ740799,NZ_LT599053,1,0.9838365
JQ740800,NZ_LT599053,1,0.9838365
JQ740801,NZ_LT599053,1,0.9718945
JQ740802,NZ_LT599053,1,0.94312495
JQ740803,NZ_LT599053,1,0.9797298000000001
JQ740804,NZ_LT599053,1,0.9679101000000001
JQ740805,NZ_LT599053,1,0.9679101000000001
JQ740806,NZ_LT599053,1,0.97717834
JQ740807,NZ_LT599053,1,0.9643784
JQ740808,NZ_LT599053,1,0.9679101000000001
JQ740810,NZ_LT599053,1,0.97826546
JQ740811,NZ_LT599053,1,0.97847223
JQ740812,NZ_LT599053,1,0.9679101000000001
JQ740813,NZ_LT599053,1,0.9609338
JQ740814,NZ_LT599053,1,0.9712196
JQ780163,NC_009457,1,0.96321934
JQ809701,NC_018289,1,0.9867949
JX000007,NZ_CP009714,1,0.654459
JX015524,NC_018289,1,0.98032904
JX042579,NC_018289,1,0.93590635
JX080300,NZ_CP026063,1,0.9873065999999999
JX080301,NZ_CP026063,1,0.99312145
JX080302,NZ_CP026063,1,0.9570287000000001
JX080303,NZ_CP026063,1,0.9701384
JX080304,NZ_CP026063,1,0.9541408000000001
JX080305,NZ_CP026063,1,0.98569804
JX121091,NC_018289,1,0.9952153
JX128257,NZ_CP024888,1,0.94558865
JX128258,NZ_CP024888,1,0.34811106
JX174275,NZ_CP026063,1,0.99049115
JX194238,NZ_CP012584,1,0.9833251000000001
JX274646,NZ_CP026063,1,0.99985933
JX274647,NZ_CP026063,1,0.9998341999999999
JX297445,NZ_CP015923,1,0.894177
JX307702,NC_018289,1,0.99395704
JX307704,NC_018289,1,0.9619408000000002
JX403939,NZ_CP012584,1,0.9945555
JX409894,NZ_CP010874,1,0.98596615
JX409895,NZ_CP010874,1,0.99005044
JX411619,NC_018289,1,0.86960346
JX421753,NZ_CP024888,1,0.27404016
JX483873,NZ_CP020911,1,0.08882429
JX483874,NZ_CP020911,1,0.44820249999999995
JX483875,NZ_CP020911,1,0.06150977
JX483876,NZ_CP020911,1,0.8740315000000001
JX483877,NZ_CP020911,1,0.8942093000000001
JX483879,NZ_CP020911,1,0.05243679
JX483880,NZ_CP020911,1,0.32797673
JX486088,NZ_CP016071,1,0.38732904
JX507079,NZ_CP026330,1,0.028968748
JX509734,NC_004851,1,0.9964746999999999
JX560968,NZ_CP024888,1,0.05583686400000001
JX564242,NZ_LT599053,1,0.7438792
JX570703,NC_018707,1,0.99267066
JX570707,NC_018707,1,0.9587190999999999
JX570708,NC_018707,1,0.9587190999999999
JX570711,NC_018707,1,0.9835608
JX649099,NC_018289,1,0.99658245
JX649100,NC_018289,1,0.99706143
JX681814,NZ_CP008892,1,0.9772389000000001
JX871397,NZ_CP024888,1,0.73069
JX875065,NZ_CP026063,1,0.46280164
JX889246,NC_003904,1,0.37467808
JX976549,NZ_CP024419,1,0.5240678
KC139514,NZ_CP015923,1,0.967908
KC139515,NZ_CP015923,1,0.9434976999999999
KC139524,NZ_CP015923,1,0.48725605
KC139638,NZ_CP015923,1,0.646073
KC206276,NZ_CP024888,1,0.5582539000000001
KC262634,NZ_CP012584,1,0.9978714
KC295538,NZ_CP024888,1,0.3919759
KC330681,NZ_AP014928,1,0.9157175999999999
KC330682,NZ_AP014928,1,0.93297946
KC333879,NZ_CP024888,1,0.3875513
KC348598,NZ_CP025419,1,0.8654473
KC348599,NZ_CP025419,1,0.9824181000000001
KC348600,NZ_CP025419,1,0.9885771000000001
KC348601,NZ_CP025419,1,0.99787915
KC348602,NZ_CP025419,1,0.9969944
KC348603,NZ_CP025419,1,0.9968950999999999
KC348604,NZ_CP025419,1,0.977477
KC413987,NZ_CP025419,1,0.9999453000000001
KC413988,NZ_CP025419,1,0.9686700999999999
KC438283,NC_009457,1,0.09824917
KC522412,NZ_LT599053,1,0.9959722
KC556893,NZ_LT962937,1,0.99529254
KC556894,NC_006933,1,0.9494715
KC556895,NZ_CP027642,1,0.9963264999999999
KC556896,NC_016775,1,0.09360194
KC556898,NC_006933,1,0.9647056999999999
KC579452,NZ_CP015923,1,0.7134347
KC595514,NZ_CP019658,1,0.24661963
KC595515,NZ_CP019658,1,0.24661963
KC595516,NZ_CP019658,1,0.98502064
KC595517,NZ_CP019658,1,0.9742662
KC787107,NZ_CP010337,1,0.8361755
KC821604,NZ_CP009976,1,0.83155864
KC821610,NZ_CP009976,1,0.9935508
KC821612,NZ_CP009976,1,0.8972191999999999
KC821615,NZ_CP009976,1,0.38345987
KC821616,NZ_CP009976,1,0.99320626
KC821621,NZ_CP009976,1,0.83155864
KC821625,NZ_CP009976,1,0.7719657
KC821627,NZ_CP009976,1,0.46266523
KC821629,NZ_CP009976,1,0.9931416
KC821630,NZ_CP009976,1,0.96329945
KC821634,NZ_CP009976,1,0.9931416
KC862296,NZ_CP012584,1,0.9951401
KC911856,NZ_CP015923,1,0.9878851999999999
KC911857,NZ_CP015923,1,0.9878851999999999
KC969441,NZ_CP012584,1,0.9951669
KF005318,NC_018678,1,0.97107935
KF005319,NC_018678,1,0.9143711999999999
KF005320,NC_018678,1,0.97273713
KF024722,NC_018289,1,0.5884188
KF030445,NZ_CP024888,1,0.9484286
KF055347,NZ_CP024888,1,0.33185142
KF148616,NZ_CP010490,1,0.108351275
KF562340,NZ_CP024888,1,0.21284844
KF562341,NZ_CP024888,1,0.36114666
KF626665,NZ_CP006697,1,0.006119927
KF626668,NZ_CP006697,1,0.006587153
KF669657,NZ_CP010587,1,0.0996881
KF751793,NZ_CP010490,1,0.8924485999999999
KF751794,NZ_CP010490,1,0.95790195
KF751795,NZ_CP010490,1,0.94836336
KF751796,NZ_CP010490,1,0.9541305
KF751797,NZ_CP010490,1,0.88199216
KF771236,NZ_CP024888,1,0.7659218000000001
KF771237,NZ_CP024888,1,0.66882366
KF771238,NZ_CP024888,1,0.7659218000000001
KF771239,NZ_CP024888,1,0.6779009
KF772233,NZ_CP020466,1,0.6464658000000001
KF787094,NZ_CP009448,1,0.8974706
KF800937,NZ_CP013488,1,0.40762
KJ021043,NZ_CP028786,1,0.23978205
KJ094029,NZ_CP015985,1,0.24084438
KJ094031,NZ_CP015985,1,0.36966259999999995
KJ417497,NC_017591,1,0.9808209000000001
KJ538723,NC_018289,1,0.9877174999999999
KJ586794,NZ_CP015985,1,0.46578655
KJ586795,NZ_CP015985,1,0.51052284
KJ591605,NZ_CP015985,1,0.4565762
KJ619459,NC_009457,1,0.7612994000000001
KJ858521,NZ_CP007566,1,0.99558026
KJ909655,NZ_CP024888,1,0.8177383
KJ936628,NZ_CP013250,1,0.39728233
KM224878,NC_009457,1,0.95161325
L06183,NC_008528,1,0.16965301
M11813,NZ_CP010053,1,0.9474037000000001
NC_001335,NC_018289,1,0.99612206
NC_010821,NZ_CP025309,1,0.8570413
NC_011023,NC_018289,1,0.9845524
NC_011054,NC_018289,1,0.99508345
NC_013694,NC_018289,1,0.9855988000000001
NC_014459,NC_018289,1,0.9786349
NC_014461,NC_018289,1,0.9847238000000001
NC_015584,NC_018289,1,0.98983204
NC_015585,NZ_CP016892,1,0.7173755999999999
NC_018088,NC_003910,1,0.9458346
NC_019404,NZ_CP024888,1,0.88702565
NC_019704,NZ_CP024888,1,0.553401
NC_019705,NZ_CP024888,1,0.90081847
NC_019706,NZ_CP024888,1,0.7830809
NC_019708,NZ_CP024888,1,0.8179994
NC_019709,NZ_CP024888,1,0.79839677
NC_019710,NZ_CP024888,1,0.73658633
NC_019711,NZ_CP024888,1,0.85534614
NC_019713,NZ_CP013250,1,0.43058363
NC_019714,NZ_CP024888,1,0.47031358
NC_019715,NZ_CP024888,1,0.58174735
NC_019716,NZ_CP024888,1,0.30523503
NC_019718,NZ_CP024888,1,0.7141085
NC_019719,NZ_CP024888,1,0.84020436
NC_019720,NZ_CP024888,1,0.7830809
NC_019721,NZ_CP024888,1,0.5286172
NC_019722,NZ_CP013250,1,0.31480873
NC_019723,NZ_CP024888,1,0.85534614
NC_019724,NZ_CP024888,1,0.3922001
NC_019767,NZ_CP024888,1,0.819792
NC_019768,NZ_CP024888,1,0.6145196999999999
NC_019769,NZ_CP024888,1,0.64934486
NC_019915,NZ_CP023967,1,0.8188806
NC_019924,NZ_CP011663,1,0.62514377
NC_019925,NZ_CP016928,1,0.9838186999999999
NC_020078,NC_017933,1,0.33343065
NC_020079,NZ_CP024888,1,0.46597594
NC_020490,NZ_CP020618,1,0.98840535
NC_020835,NC_005072,1,0.8748023000000001
NC_020845,NC_005072,1,0.17453854
NC_020847,NC_005072,1,0.8033201999999999
NC_020848,NZ_CP013250,1,0.6154926
NC_020857,NC_005072,1,0.59527034
NC_020863,NZ_CP016348,1,0.774325
NC_020868,NZ_CP013250,1,0.4240266
NC_020872,NC_005072,1,0.8360155999999999
NC_020874,NC_005072,1,0.9779413
NC_020878,NC_005072,1,0.7942458
NC_021067,NZ_CP031056,1,0.5407831999999999
NC_021070,NZ_CP031056,1,0.88208437
NC_021073,NZ_CP031056,1,0.7500954000000001
NC_021296,NC_018289,1,0.98983204
NC_021559,NC_005072,1,0.98157644
NC_021791,NZ_CP009976,1,0.38345987
NC_021795,NZ_CP009976,1,0.72564083
NC_021804,NZ_CP009976,1,0.6556223000000001
NC_021865,NZ_CP019658,1,0.6349011999999999
NC_021868,NC_017591,1,0.12782237
NC_022060,NC_018289,1,0.9942563
NC_022068,NC_018289,1,0.99800855
NC_022070,NC_018289,1,0.9942088
NC_022324,NC_018289,1,0.98117274
NC_022326,NC_018289,1,0.991334
NC_022327,NC_018289,1,0.98748976
NC_022757,NZ_CP029538,1,0.47666115
NC_022980,NZ_CP019658,1,0.23659526
NC_022989,NC_017469,1,0.8792572
NC_023557,NC_013973,1,0.23030993
NC_023562,NC_018289,1,0.9779661000000001
NC_023701,NC_018289,1,0.9285273999999999
NC_023716,NC_018289,1,0.97842807
NC_023728,NC_018289,1,0.9952892
NC_023739,NC_018289,1,0.9940253000000001
NC_023743,NZ_CP024888,1,0.7332376
NC_023745,NC_018289,1,0.9882344999999999
NC_023746,NC_018289,1,0.99752456
NZ_ACSJ01000015,NZ_CP013844,1,0.9408801999999999
NZ_ACSJ01000016,NZ_CP013844,1,0.733795
NZ_ACSJ01000017,NZ_CP013844,1,0.95328766
NZ_ACSJ01000018,NZ_CP013844,1,0.99883157
HE775250,NZ_CP015923,1,0.8947379000000001
HG934470,NZ_CP015923,1,0.90481895
HG934469,NZ_CP015923,1,0.86884785
DQ832317,NZ_CP024888,1,0.9120333
KM190144,NZ_CP024888,1,0.9554135
KM607003,NZ_CP024888,1,0.5903614
KM607002,NZ_CP024888,1,0.59964615
FR667955,NZ_CP015923,1,0.887432
HE978309,NZ_CP024888,1,0.7714508000000001
FJ000341,NZ_CP015923,1,0.9896913
AY453853,NZ_CP008892,1,0.99274
CP008753,NZ_CP008892,1,0.99648005
KJ603229,NC_004851,1,0.9519056
AP013029,NZ_CP010053,1,0.18954068
AB711120,NZ_CP010053,1,0.6672449
KC107834,NC_017933,1,0.33343065
JF770475,NZ_CP024888,1,0.7332376
GQ303263,NC_018289,1,0.9855988000000001
KF841475,NC_018289,1,0.9779661000000001
KC691254,NC_018289,1,0.98983204
KM279937,NC_018289,1,0.9938315000000001
HM152767,NC_018289,1,0.9786349
HM152763,NC_018289,1,0.9847238000000001
JF744988,NC_018289,1,0.98983204
JN398368,NC_018289,1,0.99752456
JN699007,NC_018289,1,0.9285273999999999
JN699005,NC_018289,1,0.97842807
JN699000,NC_018289,1,0.9940253000000001
JN698996,NC_018289,1,0.9952892
JN699015,NC_018289,1,0.9882344999999999
KF279413,NC_018289,1,0.98748976
KF279416,NC_018289,1,0.991334
KF416340,NC_018289,1,0.9942088
HQ332140,NC_005072,1,0.7942458
HQ332137,NC_005072,1,0.9779413
HQ632825,NC_005072,1,0.9548168
HQ337021,NC_005072,1,0.98157644
HQ337022,NC_005072,1,0.8748023000000001
HQ316584,NC_005072,1,0.8360155999999999
AF424782,NZ_CP026063,1,0.98855644
AF424783,NZ_CP026063,1,0.99709547
HE962497,NC_017591,1,0.12782237
KF010834,NZ_CP019658,1,0.6349011999999999
HF563658,NC_017591,1,0.9648926999999999
HG424323,NZ_CP017064,1,0.9978720999999999
HQ316581,NZ_CP031056,1,0.88208437
HQ316579,NZ_CP031056,1,0.5407831999999999
HQ316582,NZ_CP031056,1,0.7500954000000001
KF806589,NC_013973,1,0.23030993
KM507819,NZ_CP024888,1,0.14971144
HE983845,NZ_CP012584,1,0.9881740999999999
KM407600,NC_004851,1,0.94339204
AJ609634,NC_017591,1,0.98830044
JX403940,NZ_CP024419,1,0.45564884
HG813241,NC_013285,1,0.18767981
KJ621082,NC_009959,1,0.23341665
HE664024,NZ_CP024888,1,0.8796785
KM247287,NZ_CP024888,1,0.20546229
JQ011317,NZ_CP024888,1,0.9634091999999999
HQ424691,NZ_CP024888,1,0.7834116
AB647160,NC_021216,1,0.87151885
AB731695,NC_021216,1,0.7158640000000001
HE611333,NC_010501,1,0.97301054
FJ591093,NC_006569,1,0.5338533000000001
BK000583,NZ_CP015923,1,0.5573975
JX880072,NZ_CP013250,1,0.74182445
HQ634196,NZ_CP013250,1,0.4240266
HQ634194,NZ_CP013250,1,0.6154926
KM253764,NC_008791,1,0.02330807
KC821613,NZ_CP009976,1,0.38345987
KC821617,NZ_CP009976,1,0.72564083
KC821626,NZ_CP009976,1,0.6556223000000001
AP005153,NZ_CP024888,1,0.7826265
AY739900,NC_017469,1,0.8792572
KC171647,NZ_CP029538,1,0.47666115
AF323672,NZ_LT599053,1,0.9966248
AF323668,NZ_LT599053,1,0.9685344000000001
AF323669,NZ_LT599053,1,0.9894014999999999
AF323670,NZ_LT599053,1,0.96379715
AF323671,NZ_LT599053,1,0.7082096
AF323673,NZ_LT599053,1,0.9895698
U38906,NZ_LT599053,1,0.8495376
AJ312240,NZ_CP015985,1,0.81756616
KF981876,NC_018150,1,0.9879412000000001
AY394005,NZ_CP012584,1,0.9802711999999999
AM491472,NZ_CP015923,1,0.8258504000000001
KP085586,NC_004851,1,0.4812062
AB009866,NZ_CP026063,1,0.97466767
HG380752,NZ_CP017064,1,0.95927614
AB903967,NZ_CP026063,1,0.9415018
JX561091,NZ_CP024888,1,0.46597594
KM360178,NZ_CP024888,1,0.3269513
AB285204,NZ_CP024888,1,0.8300867000000001
JQ086369,NZ_CP024888,1,0.6145196999999999
JQ086373,NZ_CP024888,1,0.64934486
JQ086374,NZ_CP024888,1,0.819792
JN986845,NZ_CP024888,1,0.88702565
JQ086375,NZ_CP024888,1,0.3922001
JQ086370,NZ_CP024888,1,0.73658633
JQ086372,NZ_CP024888,1,0.47031358
JQ086376,NZ_CP024888,1,0.85534614
JQ086377,NZ_CP024888,1,0.84020436
JQ182735,NZ_CP024888,1,0.85534614
JQ182734,NZ_CP024888,1,0.7830809
JQ182731,NZ_CP024888,1,0.8179994
JQ182730,NZ_CP024888,1,0.553401
JQ182728,NZ_CP024888,1,0.30523503
JQ182727,NZ_CP024888,1,0.79839677
JQ182726,NZ_CP024888,1,0.90081847
JQ182736,NZ_CP024888,1,0.7141085
JQ182733,NZ_CP024888,1,0.7830809
JQ182732,NZ_CP024888,1,0.58174735
JQ182729,NZ_CP024888,1,0.5286172
KM233151,NZ_CP024888,1,0.2681867
HG798806,NZ_CP012584,1,0.9124214
LN610575,NZ_CP012584,1,0.9797982
LN610586,NZ_CP012584,1,0.9798789000000001
LN610587,NZ_CP012584,1,0.9824280000000001
LN610581,NZ_CP012584,1,0.99234325
LN610582,NZ_CP012584,1,0.9944495000000001
LN610583,NZ_CP012584,1,0.9931982
LN610576,NZ_CP012584,1,0.99442023
LN610588,NZ_CP012584,1,0.98485214
LN610589,NZ_CP012584,1,0.50300235
AB560486,NZ_CP012584,1,0.9719042999999999
LN610572,NZ_CP012584,1,0.97191274
LN610580,NZ_CP012584,1,0.97031254
HG518155,NZ_CP012584,1,0.95325047
AB910393,NZ_CP012584,1,0.91850764
LN610585,NZ_CP012584,1,0.9313684000000001
AF165214,NZ_CP012584,1,0.9675059000000001
JX556417,NZ_CP013250,1,0.31480873
KM378617,NZ_CP013250,1,0.6813743
JX556418,NZ_CP013250,1,0.43058363
KJ572844,NC_009457,1,0.9345509
JQ965701,NZ_CP009714,1,0.74334145
JQ965703,NZ_CP009714,1,0.5366571
JQ965700,NZ_CP009714,1,0.31700286
JQ965702,NZ_CP009714,1,0.39743996
CP000624,NZ_CP008892,1,0.9925620999999999
CP000625,NZ_CP008892,1,0.9721361999999999
FJ608825,NZ_CP013183,1,0.8605026
AB720064,NZ_CP022265,1,0.13391033
AB720063,NZ_CP022265,1,0.6117654
AB597179,NZ_CP012688,1,0.6127187
AB854109,NZ_CP012688,1,0.8343497999999999
HE956709,NC_008791,1,0.6435571999999999
HE956710,NC_008791,1,0.8230648000000002
HE956708,NC_008791,1,0.86967885
HE861935,NZ_CP017064,1,0.97822386
CP000623,NZ_CP004386,1,0.9792029000000001
CP000622,NZ_CP004386,1,0.963304
KF626666,NZ_CP006697,1,0.0018163302
AJ131519,NZ_CP021427,1,0.9905226999999999
FR751545,NZ_CP016892,1,0.7173755999999999
JQ246028,NZ_CP011663,1,0.62514377
HE600015,NZ_CP016928,1,0.9838186999999999
KJ725374,NC_018289,1,0.8689196
JN700521,NZ_CP023967,1,0.8188806
GQ357915,NC_010002,1,0.9558690000000001
JN700520,NZ_CP020618,1,0.98840535
KC595518,NZ_CP019658,1,0.23659526
HQ634156,NZ_CP016348,1,0.774325
AP013057,NZ_CP020466,1,0.9072853000000001
JX182372,NC_004719,1,0.85070956
GU196281,NZ_LS483386,0,0.018414665
NC_016158,NZ_CP029538,0,0.028035947999999998
NC_019452,NZ_CP027642,0,0.27630663
NC_008583,NZ_CP018081,0,0.004076543
NC_004928,NC_011025,0,0.05528116
KJ619459,NZ_CP013045,0,0.0060185306000000004
NC_022980,NZ_LS483386,0,0.7957064
JX507079,NC_017566,0,0.040369105
KC348602,NC_015967,0,0.032675996
KJ619459,NC_006463,0,0.23852399
NC_008152,NZ_CP012425,0,0.03263167
NC_016158,NZ_CP007779,0,0.06963369999999999
KM190144,NC_022793,0,0.16251364
JX403939,NC_008528,0,0.0010107331
JX128258,NC_015217,0,0.0046782843
DQ394808,NC_016830,0,0.006389346999999999
NC_019768,NC_011025,0,0.002480098
NC_019935,NC_017566,0,0.1221813
NC_003291,NC_009654,0,0.48697174
NC_016158,NC_021662,0,0.22157031
GU071105,NZ_CP017929,0,0.18227290000000002
NC_016158,NZ_CP013183,0,0.737885
NC_019407,NC_016830,0,0.018008783
NC_019768,NZ_AP013028,0,0.059344333
NC_007059,NZ_LT599053,0,0.9932167
NC_008583,NZ_CP017929,0,0.0064067463
NC_007054,NZ_LS483386,0,0.9144054
KM606997,NZ_CP031104,0,0.78556675
JF937093,NZ_CP027642,0,0.020585975
NC_008583,NZ_CP009448,0,0.03598601
KM190144,NC_003904,0,0.027564334
NC_011041,NZ_LS483367,0,0.6405420000000001
NC_011811,NZ_CP014058,0,0.054242535999999994
NC_011038,NC_004719,0,0.011157463000000001
NC_016158,NZ_CP008814,0,0.0013231685999999998
NC_016158,NZ_CP010053,0,0.13752499
KC821634,NZ_LS483386,0,0.08906802
HQ317291,NZ_LS483386,0,0.042900402000000004
JF704098,NZ_CP009468,0,0.0013274325
NC_020873,NZ_CP009146,0,0.010625713500000002
NC_019768,NC_022125,0,0.004905743
NC_023503,NC_017933,0,0.5189954000000001
JN699628,NZ_CP027197,0,0.0015221707999999998
NC_023746,NC_014230,0,0.04704081
KJ586795,NC_018289,0,0.005344034
KM190144,NZ_CP025506,0,0.014491106
LN610580,NZ_LS483386,0,0.004241116
KM190144,NC_008095,0,0.007530487
NC_016158,NZ_CP023967,0,0.018534461000000002
JX570711,NC_017566,0,0.015311588000000001
NC_016563,NZ_CP004386,0,0.0074061330000000005
NC_019768,NC_014035,0,0.017504063
NC_016158,NZ_CP009448,0,0.15092918
NC_024365,NZ_CP015043,0,0.6183078000000001
JQ740796,NC_016830,0,0.012145638
NC_018282,NC_004851,0,0.018395005
NC_024379,NZ_CP013844,0,0.003989581
NC_024365,NZ_CP028786,0,0.86576784
NC_016563,NC_007506,0,0.0039146324
NC_016762,NZ_CP010587,0,0.014530807
NC_023558,NZ_CP025419,0,0.010467723
JF937103,NC_017566,0,0.0010166564999999999
NC_016158,NZ_CP013488,0,0.034855116
NC_019768,NZ_CP009126,0,0.89251214
JQ740792,NZ_LS483386,0,0.28959247
KM190144,NC_009613,0,0.6719166
NC_024365,NZ_CP023313,0,0.87818617
AB426868,NC_016830,0,0.38686529999999997
JX128258,NZ_CP016630,0,0.0027305096999999997
KF005318,NC_016830,0,0.09536923
NC_016762,NZ_CP018075,0,0.55946803
NC_016762,NZ_CP010490,0,0.0009628912
NC_016762,NZ_CP029718,0,0.021885752999999997
NC_008583,NC_005072,0,0.9035999
NC_008694,NZ_LS483386,0,0.03630528
NC_016763,NZ_CP016980,0,0.47357157
NC_016158,NZ_CP026330,0,0.09923925
NC_008583,NC_004851,0,0.5683242
NC_012093,NZ_CP009714,0,0.79529524
NC_005066,NZ_LS483367,0,0.6608742
HQ317292,NC_016830,0,0.21899483
KM190144,NZ_CP019658,0,0.98751104
NC_016158,NC_007506,0,0.71579003
NC_016762,NZ_CP020911,0,0.63657147
NC_005856,NZ_LS483386,0,0.09753727
NC_016565,NZ_LS483367,0,0.21808514
NC_008583,NC_004719,0,0.028724037
KC348602,NZ_CP009714,0,0.92571855
NC_004928,NZ_CP010587,0,0.7893911
NC_016563,NZ_CP010888,0,0.07888534
HQ634190,NZ_LN999990,0,0.4027748
NC_016762,NZ_CP010888,0,0.0047801174
NC_004928,NC_014921,0,0.03474887
NC_023576,NC_016830,0,0.3422922
FR852584,NZ_LS483386,0,0.58482707
NC_019768,NZ_CP019658,0,0.07690948
NC_002166,NC_006463,0,0.19038838
JN699628,NZ_CP027408,0,0.00232971
NC_019768,NC_014000,0,0.5334206
NC_019768,NZ_LT576033,0,0.011135331000000002
KC556893,NZ_CP022100,0,0.76893413
NC_008583,NC_017469,0,0.10172108
NC_023503,NZ_CP016980,0,0.022500287999999997
KM190144,NZ_CP026219,0,0.030414467999999997
NC_018283,NC_018289,0,0.91445136
NC_016158,NZ_CP024419,0,0.0016139585000000001
NC_019496,NZ_CP022100,0,0.006987203399999999
NC_016762,NZ_CP006697,0,0.00547353
NC_023591,NZ_LS483367,0,0.0047766776
NC_016158,NZ_CP004386,0,0.04848363
NC_001884,NZ_CP015985,0,0.98578864
KF148616,NC_016830,0,0.003976844
NC_000924,NZ_LS483367,0,0.016014338
NC_016158,NC_013285,0,0.67225665
NC_023562,NZ_LS483386,0,0.0017898149
NC_004462,NC_016830,0,0.1707962
KM190144,NZ_CP009746,0,0.29072893
NC_015457,NZ_CP027642,0,0.0063013745999999995
KM190144,NC_008791,0,0.90369904
NC_009604,NC_016830,0,0.12117909
JX486088,NZ_CP017784,0,0.0023310592
KM190144,NC_009959,0,0.02425661
NC_011038,NC_007323,0,0.0059221694
NC_008583,NC_018150,0,0.0028394472
NC_007805,NC_002771,0,0.0059173964
JF704093,NC_018150,0,0.91419554
NC_019768,NZ_CP022265,0,0.017451404
LN610576,NZ_CP026219,0,0.68140715
NC_011811,NZ_CP024888,0,0.5809149
L06183,NZ_LS483386,0,0.09853569400000001
NC_021326,NZ_CP013045,0,0.05001929
NC_011399,NC_016830,0,0.9357186
KM190144,NZ_CP027408,0,0.0041555297
NC_020872,NZ_LS483367,0,0.28040302
NC_009234,NZ_LS483386,0,0.0013719832
KM190144,NZ_CP013183,0,0.67935574
NZ_ACSJ01000016,NZ_CP020911,0,0.03680099
NC_016158,NC_021216,0,0.010958083
NC_019931,NZ_LS483386,0,0.20094766
NC_008583,NZ_CP013488,0,0.06589270400000001
JQ740799,NZ_LS483386,0,0.86634904
NC_016158,NC_014659,0,0.01150669
NC_015157,NZ_LS483367,0,0.8449377
NC_018855,NC_010408,0,0.003750395
NC_016158,NZ_CP014058,0,0.0010604867999999999
FR852584,NZ_CP027642,0,0.0034061586
NC_007063,NC_015967,0,0.016201913000000002
NC_004928,NZ_LN999990,0,0.5121599
GU196281,NZ_CP011663,0,0.3049647
LN610576,NZ_CP007753,0,0.0014434143
NC_016158,NZ_CP016892,0,0.9957201999999999
NC_021562,NZ_LS483386,0,0.010617606000000002
NC_022791,NC_016830,0,0.047401797
NC_019541,NZ_CP013442,0,0.0022950713
NC_008583,NZ_CP012425,0,0.32138014
JX486088,NC_007323,0,0.031464364
NC_008583,NZ_CP015043,0,0.038019184
NC_004462,NZ_LS483386,0,0.027212407
NC_011038,NC_006509,0,0.10060989999999999
HQ634190,NC_021662,0,0.44084802
NC_016158,NC_013973,0,0.48773864
NC_021859,NC_016830,0,0.005412732
NC_019452,NZ_CP009493,0,0.019155959
NC_019724,NZ_LS483367,0,0.0027810188
NC_019543,NZ_LS483386,0,0.5988911
NC_004928,NC_018289,0,0.002363287
NC_011811,NC_006463,0,0.15100391
NC_019523,NZ_LS483367,0,0.04313493
NC_024365,NZ_CP012425,0,0.0029434396
NC_023746,NC_009654,0,0.012401065
NC_020478,NC_016830,0,0.20467275
NC_008583,NZ_CP022100,0,0.14817452
NC_022324,NC_008791,0,0.0020779248
NC_008717,NZ_CP009126,0,0.002712625
NC_008583,NC_012851,0,0.0045052436
NC_008583,NC_010999,0,0.026039622999999998
NC_019407,NC_017566,0,0.0013829601000000002
NC_021859,NZ_LS483367,0,0.0032011108000000003
EF136589,NZ_LS483386,0,0.16008207
NC_024370,NC_019681,0,0.47606337
JX000007,NZ_CP015923,0,0.9603314000000001
NC_016158,NZ_CP018075,0,0.04067128
NC_024365,NZ_CP015985,0,0.0011494692
KF751796,NZ_LS483386,0,0.15081008
NC_021337,NZ_CP020911,0,0.01233147
NC_005284,NZ_CP007753,0,0.0009607605999999999
JQ740796,NC_014159,0,0.010305246
NC_016158,NC_018707,0,0.15583970000000003
KC348601,NC_017566,0,0.41088885
JF704093,NC_015967,0,0.45781869999999997
NC_016563,NC_015217,0,0.86093545
NC_023746,NZ_CP017929,0,0.07920299
NC_005964,NZ_CP020911,0,0.005302828000000001
NC_007805,NC_022441,0,0.0012408941
NC_011038,NZ_CP023568,0,0.49615437
JF704098,NC_014035,0,0.026309622
KC787107,NZ_LS483386,0,0.0030247016999999997
NC_008583,NZ_CP014058,0,0.86129963
JF937103,NZ_CP020911,0,0.01558852
NC_016563,NZ_CP009448,0,0.0074476223
KF751796,NZ_CP018081,0,0.007222399999999999
NC_008583,NC_014921,0,0.52496517
NC_019768,NZ_CP012425,0,0.00654312
NC_008583,NC_014230,0,0.80133545
NC_017968,NZ_LS483367,0,0.9564306
JF704098,NZ_CP015923,0,0.0024629368
KF771236,NC_017566,0,0.9892414
AF416590,NZ_CP020911,0,0.027072517
NC_016158,NC_022737,0,0.001093131
NC_016762,NC_019681,0,0.0025920086
NC_016158,NC_003904,0,0.013072173999999999
NC_007805,NC_009959,0,0.7659187
NC_008583,NZ_CP020911,0,0.0032407409
NC_008583,NZ_CP023568,0,0.007900456
LN610587,NC_018289,0,0.057210248
NC_019918,NZ_CP020911,0,0.09943902
JN699628,NZ_CP013844,0,0.0011481871
NC_016158,NC_019681,0,0.05188974
NC_004928,NZ_CP006697,0,0.06510389999999999
NC_001954,NZ_LS483386,0,0.033165852999999995
NC_016158,NZ_CP010888,0,0.0024884571
LN610582,NZ_LT599053,0,0.0018416711999999999
JF704093,NC_014159,0,0.7641071
NC_008583,NZ_CP008814,0,0.6638884
NC_024365,NZ_LN847000,0,0.001867942
DQ530362,NC_014035,0,0.009724223
NC_008583,NZ_CP008892,0,0.004380666
NC_011399,NZ_CP007753,0,0.0023098235999999997
NC_011811,NZ_CP011663,0,0.047794484000000005
NC_009514,NC_014230,0,0.0066258544
NC_008583,NZ_CP025933,0,0.03362319
NC_016762,NC_007323,0,0.0014502994
KC556893,NZ_LS483386,0,0.0036744582
DQ530362,NZ_CP013250,0,0.06346715
NC_009803,NZ_LS483386,0,0.24361
AP011616,NC_016830,0,0.00817327
NC_005045,NZ_CP019658,0,0.001310202
KF148616,NZ_CP009714,0,0.003954812
NC_008583,NZ_CP028786,0,0.02015236
LN610582,NZ_LS483386,0,0.017774254
JF704107,NZ_LS483367,0,0.0014040358
NC_005284,NZ_CP027642,0,0.05145065
DQ530362,NC_022125,0,0.005170127
NC_008583,NC_016830,0,0.008567585
KM190144,NZ_CP028786,0,0.8826044
KM190144,NC_011071,0,0.020167168
NC_019928,NZ_CP009714,0,0.039647073
NC_008583,NC_018681,0,0.00201186
NC_002484,NZ_CP013045,0,0.0019119648000000002
NC_011613,NZ_CP018081,0,0.853291
NC_019768,NZ_LN847000,0,0.011263258
NC_014459,NZ_CP020911,0,0.01856196
NC_016158,NZ_CP010587,0,0.0010670694999999999
JX681814,NZ_LS483367,0,0.011099725
NC_019768,NC_014921,0,0.0031347093
JF937103,NC_016830,0,0.009635554000000001
NC_001956,NZ_LS483386,0,0.015914313
KM190144,NZ_CP024419,0,0.98782057
NC_005178,NC_021723,0,0.00067643507
NC_007806,NZ_LS483386,0,0.06814483
NC_011811,NC_013285,0,0.60482985
NC_016762,NC_021662,0,0.01505089
NC_012697,NZ_LS483367,0,0.018698996000000002
NC_023503,NZ_CP013045,0,0.046585
NC_016158,NC_017469,0,0.17506154
NC_023503,NC_003904,0,0.013234225
KM606997,NZ_LS483386,0,0.70367944
NC_018452,NZ_LS483386,0,0.0068610283
NC_016762,NZ_CP024888,0,0.009797731
NC_016762,NZ_CP011663,0,0.005597094
NC_004679,NZ_CP020911,0,0.012779006
NC_019550,NZ_CP009714,0,0.2613256
NC_008583,NZ_CP029538,0,0.011319488999999999
JX560968,NC_022441,0,0.43140304
NC_008583,NC_021216,0,0.25957359999999996
NC_004928,NZ_CP022265,0,0.00415276
NC_011038,NZ_LN999990,0,0.01201692
NC_004928,NZ_CP010490,0,0.07967704
NC_001884,NC_006509,0,0.09693629
NC_019400,NZ_CP012959,0,0.08283070000000001
NC_016762,NC_015217,0,0.0008303191000000001
NC_008583,NZ_CP026219,0,0.004655393
NC_016158,NC_008095,0,0.17950036
NC_012419,NZ_LS483386,0,0.8352736
NC_005833,NC_011852,0,0.025401238
JX483880,NC_016830,0,0.32333136
NC_008694,NZ_CP009146,0,0.021293567000000003
NC_012663,NZ_LS483367,0,0.49528715
JF937103,NZ_LS483386,0,0.0016378945000000002
KM190144,NZ_CP013844,0,0.016807776
NZ_ACSJ01000015,NC_009457,0,0.029358761
JF704098,NZ_CP016630,0,0.0016839267
NC_023701,NZ_CP009146,0,0.074806176
NC_016158,NZ_CP017929,0,0.9960424000000001
KC787107,NZ_CP020911,0,0.16239281
NC_008583,NC_013973,0,0.008132971
JQ740814,NZ_CP009146,0,0.0027033377000000003
KM190144,NC_014159,0,0.0029408587
KM190144,NZ_CP015043,0,0.020369138999999998
NC_012662,NZ_LS483367,0,0.05054119
NC_016158,NZ_CP029718,0,0.90942746
NC_019768,NZ_CP009976,0,0.08645169400000001
NC_008583,NZ_LN877293,0,0.44803023
NC_016762,NZ_CP023568,0,0.0021689744
NC_008583,NZ_CP013844,0,0.30673790000000006
NC_018454,NC_010408,0,0.050590143
NC_013197,NZ_LS483386,0,0.019416342
KM190144,NZ_CP027197,0,0.5514760000000001
NC_018083,NZ_LS483367,0,0.5485982
NC_016158,NC_006569,0,0.20704068
JX128258,NC_021216,0,0.011430089
HQ906665,NZ_LS483386,0,0.8960398
NC_008583,NZ_CP010587,0,0.939887
JF704093,NC_014000,0,0.0012227235000000002
AB920995,NZ_CP031056,0,0.0021535237
NC_004928,NZ_CP018075,0,0.014423037
KM190144,NC_014000,0,0.18173197
KM190144,NZ_CP012425,0,0.024385002000000003
NC_018854,NZ_LS483367,0,0.19616176
NC_022769,NZ_CP031104,0,0.019985633
KC556893,NC_004851,0,0.6859808000000001
NC_011038,NZ_LN589721,0,0.011274957
NC_003524,NZ_LS483367,0,0.040412214
JQ740796,NZ_CP006697,0,0.002112251
NC_019401,NZ_LS483367,0,0.90084934
NC_019768,NC_022793,0,0.011717528999999999
GQ478082,NC_015508,0,0.003247624
NC_008583,NZ_CP009714,0,0.005404366999999999
KM607003,NZ_CP015985,0,0.74258286
NC_023606,NZ_LS483386,0,0.0019226109
NC_007059,NC_008095,0,0.0020401573
LN610576,NZ_CP015923,0,0.03013403
NC_002668,NC_017566,0,0.27786458
NC_014459,NC_017566,0,0.003727507
JX570711,NZ_CP018081,0,0.18666784
FR852584,NZ_CP017929,0,0.0018419367000000002
HQ641344,NZ_LS483386,0,0.23414829999999998
KM190144,NZ_CP021427,0,0.3023719
NC_022980,NC_014000,0,0.2399817
NC_016158,NC_010002,0,0.37922683
NC_020416,NZ_CP008814,0,0.32348806
NC_008583,NC_014659,0,0.02217749
NC_024383,NZ_LS483386,0,0.78079814
NC_008583,NC_007506,0,0.0034066362
NC_005045,NZ_CP017929,0,0.06893692
NC_007046,NZ_LS483386,0,0.47183898
NC_023503,NC_014159,0,0.00360443
NC_022982,NZ_LS483386,0,0.00897401
NC_012093,NZ_LS483386,0,0.28224605
NC_016158,NZ_CP007798,0,0.012674923000000001
NC_012749,NZ_LS483367,0,0.9970201999999999
JQ965703,NC_014230,0,0.0070670433
NC_008583,NZ_CP009976,0,0.8889198
NC_015296,NZ_LS483367,0,0.13415127
NC_008583,NZ_CP012584,0,0.010604899999999999
NC_012740,NZ_CP027642,0,0.043652236
NC_011811,NZ_CP026219,0,0.19689491
NC_016158,NZ_CP013250,0,0.06979439
KM190144,NC_021662,0,0.61343056
NC_012093,NC_016830,0,0.88526434
LN610582,NC_017566,0,0.10586756
JF704093,NZ_CP027642,0,0.007199842
NC_019496,NC_015508,0,0.0059740855
FR852584,NZ_CP015923,0,0.036141977
HQ317291,NC_017566,0,0.6334406
KM190144,NZ_CP023967,0,0.00892995
JF704093,NZ_CP014058,0,0.0013469709
NC_021804,NZ_CP009146,0,0.0027354795
NC_008583,NC_022793,0,0.21854323
NC_005258,NZ_LS483386,0,0.7179770999999999
NC_008583,NZ_CP027408,0,0.015313311999999999
NC_020478,NC_018289,0,0.0075749395999999995
NC_007458,NZ_LS483386,0,0.5128772
NC_008583,NZ_CP011663,0,0.14777271
NC_019407,NZ_CP010874,0,0.0028980453000000002
NC_008583,NC_013285,0,0.015361208500000001
KC139515,NZ_LS483367,0,0.0037388608000000004
NC_009234,NZ_CP016980,0,0.0071139378
JF974292,NC_018289,0,0.019555323
NC_023557,NZ_LS483367,0,0.10891406
JX871397,NC_016830,0,0.16088139
JX570711,NZ_CP029538,0,0.01347777
EF136588,NZ_CP015923,0,0.39631343
JQ809701,NZ_CP009714,0,0.010646873000000001
NC_016762,NZ_CP027197,0,0.0012360428
NC_019928,NC_016830,0,0.005410689000000001
NC_008583,NC_008791,0,0.06671676
NC_008583,NZ_CP010337,0,0.0015141944
NC_008583,NZ_CP029718,0,0.004882794
NC_016158,NC_007323,0,0.0016579332000000002
NC_016158,NZ_CP020946,0,0.65204376
NC_016158,NC_009959,0,0.050635874000000004
NC_019550,NZ_LS483386,0,0.10488777
NC_024365,NZ_CP009746,0,0.034191533999999996
NC_005284,NZ_LS483367,0,0.01385685
NC_004928,NC_014035,0,0.0039498033000000005
NC_016158,NC_004719,0,0.024291188
NC_009231,NZ_LS483386,0,0.40825759999999994
KM190144,NC_002771,0,0.00529572
NC_020835,NC_016830,0,0.08749934
DQ530362,NC_011852,0,0.53241044
NC_024383,NC_016830,0,0.0040566046
LN610583,NC_010408,0,0.36169073
NC_011038,NC_002771,0,0.0081812255
NC_016158,NC_018681,0,0.039869647
NC_024357,NC_018289,0,0.011090852
KM190144,NZ_CP008892,0,0.03881603
NC_016762,NC_006509,0,0.012614718
KF562341,NZ_LS483439,0,0.027079192999999998
NC_011811,NC_005072,0,0.18812679999999998
HQ906662,NZ_CP020911,0,0.0054333555000000006
NC_007458,NC_016830,0,0.0020672656
NC_020874,NC_016830,0,0.05546218
NC_002670,NZ_LS483386,0,0.9140436
NC_008583,NZ_CP024888,0,0.05780379
NC_007063,NZ_CP027197,0,0.7116398
KF024722,NZ_LS483386,0,0.00230394
NC_020883,NZ_LS483386,0,0.48427495
JX128258,NZ_CP013045,0,0.005145459000000001
NC_021337,NZ_LS483386,0,0.9283681999999999
NC_016762,NZ_CP023967,0,0.009222741
NC_007809,NZ_LS483386,0,0.02211614
NC_002669,NZ_LS483386,0,0.9028301999999999
NC_019768,NZ_CP020649,0,0.74932563
NC_008583,NZ_CP006697,0,0.0075077564
NC_001447,NZ_LS483386,0,0.77350026
NC_008583,NZ_CP020946,0,0.008019027
KM190144,NC_012851,0,0.017158236
NC_001884,NZ_CP009126,0,0.038814876
NC_016762,NZ_LT599053,0,0.0007693061999999999
NC_016762,NC_013973,0,0.01739184
NC_008583,NZ_CP017784,0,0.0023204486
KC821634,NC_016830,0,0.01046833
NC_018855,NZ_CP016630,0,0.22179580000000002
NC_001956,NZ_CP020911,0,0.0023359114
NC_024357,NZ_CP027642,0,0.023629589
NC_008583,NC_011134,0,0.66428614
NC_023503,NC_010501,0,0.4737286
AF416590,NZ_LS483386,0,0.07436689
NC_020488,NC_016830,0,0.053638186
NC_020874,NZ_LS483367,0,0.38458437
NC_018284,NZ_LS483386,0,0.8330694
NC_021791,NC_016830,0,0.011046944
KC556893,NZ_CP020649,0,0.8068441999999999
NC_016158,NC_006509,0,0.007476716
NC_008583,NC_019681,0,0.021969406
NC_023604,NZ_CP022100,0,0.0020795332000000002
NC_018855,NZ_CP027642,0,0.0053436155
NC_018848,NZ_CP020911,0,0.008313702
LN610580,NZ_CP031104,0,0.8363799999999999
NC_016762,NC_018681,0,0.6937833000000001
HQ906664,NZ_CP020911,0,0.0153157655
LN610586,NZ_CP031104,0,0.7296005999999999
NC_020878,NZ_LS483367,0,0.6531816999999999
JF704093,NZ_CP026063,0,0.00210795
NC_023581,NZ_LS483367,0,0.5751261
NC_014467,NC_016830,0,0.47650746
NC_016158,NZ_CP009714,0,0.92332286
NC_024365,NC_008791,0,0.004995148
NC_013649,NZ_LS483367,0,0.20225745
NC_008583,NZ_CP007798,0,0.0033956197999999997
NZ_ACSJ01000018,NZ_LS483386,0,0.09748293
NC_011613,NZ_CP009493,0,0.85352737
NC_008583,NZ_LN999990,0,0.7607833
NC_021070,NZ_CP009714,0,0.7937349
JX483880,NZ_LS483386,0,0.011872164
NC_008583,NC_011071,0,0.13675323
DQ530362,NZ_CP022265,0,0.008433181
NC_008583,NZ_CP021427,0,0.9715773000000001
NC_008265,NZ_CP020911,0,0.023502272999999997
NC_008583,NZ_CP009746,0,0.98308325
GQ478082,NZ_LS483386,0,0.90325415
NC_020489,NC_009457,0,0.008025721
NC_009804,NZ_CP009714,0,0.4016671
NC_022764,NZ_LS483367,0,0.27663714
NC_018084,NZ_LS483386,0,0.47743165
NC_005045,NC_005072,0,0.0009888744
JX649099,NZ_CP015923,0,0.0047706879999999995
NC_002486,NC_003904,0,0.057594225
NC_008583,NC_010553,0,0.0025839023
KC262634,NZ_LS483386,0,0.0052077225
NC_007805,NZ_CP026330,0,0.5880215999999999
JF974292,NZ_LS483386,0,0.12952012
NC_012749,NC_017569,0,0.8893155
NC_023746,NC_016830,0,0.18503496
NC_023694,NZ_LS483386,0,0.0013516414000000001
NC_008583,NZ_CP010053,0,0.8919802
NC_023503,NC_009457,0,0.9397948
NC_018863,NZ_LS483367,0,0.2645633
NC_017980,NZ_CP009146,0,0.0082478225
NC_016762,NZ_CP022265,0,0.05476524
KJ619459,NZ_LS483367,0,0.22618094
NC_018853,NZ_LS483386,0,0.004319849000000001
JX128258,NZ_CP008814,0,0.012152841999999999
KM190144,NC_006509,0,0.663828
NC_004928,NZ_LT599053,0,0.6130167
NC_021804,NZ_LS483367,0,0.043505028
NC_016568,NZ_LS483386,0,0.18029189999999998
NC_019768,NZ_CP028786,0,0.9907940000000001
NC_016158,NZ_CP012688,0,0.17005233
HE983844,NZ_LS483386,0,0.12771267
JQ740796,NC_003904,0,0.019804917
NC_001942,NC_009457,0,0.10896813
KM190144,NZ_CP016892,0,0.8780846
NC_008583,NZ_LN847000,0,0.10866122
KF751796,NZ_CP022100,0,0.07555033
NC_016762,NC_017469,0,0.010075175
DQ530362,NZ_CP019658,0,0.07249616
NC_021540,NZ_LS483386,0,0.784405
JX871397,NZ_CP023507,0,0.06986241
KF771238,NZ_CP027642,0,0.02630293
AP011616,NZ_LS483367,0,0.71445507
NC_016563,NZ_CP018075,0,0.017377764
NC_008583,NC_007323,0,0.8519994000000001
FR852584,NC_016830,0,0.00821042
NC_018854,NC_016830,0,0.09240475
HQ641346,NC_016830,0,0.080622576
NZ_ACSJ01000016,NZ_LS483386,0,0.061889574
NC_020080,NZ_CP020649,0,0.042519398
NC_009604,NZ_LS483386,0,0.0021570483
JX871397,NC_011071,0,0.43148145
NC_004928,NC_004719,0,0.02134453
KF005318,NZ_LS483386,0,0.22330658
NC_021540,NC_016830,0,0.011592957
NC_018835,NC_016830,0,0.06323596
NC_007637,NZ_CP022100,0,0.9643079
NC_016158,NZ_CP008892,0,0.2910139
JX128258,NZ_CP015985,0,0.040424153
KM190144,NC_015967,0,0.03369517
JF704098,NC_005072,0,0.0010366786999999999
NC_003298,NC_017566,0,0.05213331400000001
KC348601,NZ_LS483386,0,0.781671
JX080304,NC_009457,0,0.31985378
JQ740802,NZ_CP004386,0,0.008552798
NC_017971,NZ_LS483386,0,0.013330076000000001
NC_021791,NZ_LS483367,0,0.16354068
NC_008583,NC_006463,0,0.18077366
EF136587,NZ_CP020911,0,0.03379206
NC_016158,NZ_CP021427,0,0.0064793313
NC_019768,NZ_CP009146,0,0.0034714064
NC_008583,NZ_CP007779,0,0.0022947951
NC_008583,NZ_LT576033,0,0.014447894
AB426868,NZ_LS483386,0,0.049878478
JN859129,NZ_LS483367,0,0.0030675714
NC_008583,NZ_CP026330,0,0.020313868
NC_004777,NZ_LS483367,0,0.18425020000000003
NC_002484,NZ_LS483386,0,0.022735618
NC_019768,NZ_CP013844,0,0.00614654
NC_024365,NC_011025,0,0.0012027742
NC_016158,NZ_CP010337,0,0.08808326
NC_007805,NC_015967,0,0.6512534000000001
JF704098,NC_002771,0,0.004530111
NC_007805,NZ_CP027408,0,0.08271848400000001
NC_018846,NZ_LS483367,0,0.0043164357
NC_019723,NZ_LS483386,0,0.0058140223999999996
NC_009236,NZ_LS483367,0,0.015900154
NC_021342,NZ_LS483367,0,0.04931741
KM190144,NZ_CP013045,0,0.04370808
NC_016158,NZ_CP020618,0,0.0023307465
NC_019768,NZ_CP025506,0,0.016208377
NC_001271,NC_016830,0,0.87684375
NC_020205,NZ_LS483386,0,0.0033585457
NC_016158,NC_002771,0,0.0012543506
NC_016762,NZ_CP008814,0,0.0014286225
NC_008583,NZ_CP016630,0,0.85329807
JF704098,NC_022125,0,0.038819900000000004
NC_002670,NC_016830,0,0.008353775
NC_019503,NC_014230,0,0.04737859
NC_004928,NZ_CP011663,0,0.09113353
NC_004928,NZ_CP017784,0,0.004401588
NC_019722,NZ_LS483386,0,0.018522408
HQ317292,NZ_CP009714,0,0.33097687
NC_004928,NZ_CP016630,0,0.29007372
NC_008583,NZ_CP016892,0,0.12388254
NC_022989,NZ_LS483367,0,0.5017781
GU071108,NC_014921,0,0.16982798
NC_007805,NZ_CP026219,0,0.9430484
NC_004928,NZ_CP009126,0,0.69119495
NC_019768,NZ_CP015043,0,0.012849175
NC_019924,NZ_LS483386,0,0.22862399999999997
KM190144,NC_018681,0,0.0037709519
JQ740792,NZ_CP015923,0,0.86594105
FR852584,NC_017566,0,0.18034135
NC_009237,NC_017933,0,0.21744764
NC_009875,NZ_LS483367,0,0.21827345
NC_016158,NC_014159,0,0.025747692000000003
GU071108,NZ_CP018075,0,0.009826557
JF704093,NZ_CP010053,0,0.0034066215
KJ586795,NC_017933,0,0.4066453
NC_023736,NZ_LS483367,0,0.0027509755
KC821621,NZ_LS483367,0,0.17374301
NC_019935,NC_017569,0,0.006855974399999999
NC_022917,NZ_LS483386,0,0.0033967027000000004
NC_023728,NZ_LS483367,0,0.0064628559999999995
NC_008583,NZ_CP019089,0,0.003042146
NC_020873,NZ_LS483386,0,0.04853578
NC_015210,NZ_LS483386,0,0.0027608947999999997
JX403939,NC_004851,0,0.01953218
HQ641344,NC_018150,0,0.008234999
NC_004928,NZ_LN589721,0,0.15150383
NC_001609,NZ_LS483367,0,0.0067665004
NC_018835,NZ_LS483386,0,0.34730515
NC_019541,NZ_LS483386,0,0.49615413
NC_008583,NZ_CP024419,0,0.6946604000000001
NC_019550,NC_016830,0,0.095637485
JQ740796,NC_010408,0,0.0030466688
GU071108,NZ_CP004386,0,0.018399313
KM607001,NC_014659,0,0.0022632817
NC_019715,NZ_CP016980,0,0.38989735
NC_021296,NZ_LS483386,0,0.021862057999999997
LN610582,NC_018150,0,0.39154859999999997
FR852584,NC_018289,0,0.0030774348
NC_022968,NZ_LS483386,0,0.025402635
NC_019768,NZ_CP027408,0,0.13943344
NC_015157,NC_016830,0,0.027600322000000004
NC_001421,NC_021216,0,0.08494267
NC_012419,NC_018150,0,0.008118120999999999
KM190144,NZ_CP007753,0,0.8291089
NC_016158,NZ_CP027197,0,0.08033001
HQ317291,NZ_CP027642,0,0.35520068
NC_020080,NZ_CP012688,0,0.005278874
NC_018084,NZ_CP020911,0,0.00965498
NC_016762,NZ_CP024419,0,0.0009151628999999999
NC_004928,NC_007323,0,0.27846697
NC_018848,NZ_LS483386,0,0.0033252144
NC_023500,NZ_CP020350,0,0.09876834599999999
NC_008583,NZ_CP023313,0,0.015485128999999999
NZ_ACSJ01000018,NZ_CP020911,0,0.026979238
NC_008583,NC_017465,0,0.07425446
NC_002667,NZ_LS483386,0,0.75767446
NC_016762,NC_007506,0,0.8066196
NZ_ACSJ01000017,NZ_LS483386,0,0.8051446999999999
NC_009993,NC_017566,0,0.008450612
NC_004928,NZ_CP007753,0,0.63744575
JQ740802,NC_009959,0,0.014941063000000001
NC_004928,NC_010408,0,0.0045850000000000005
NC_019931,NZ_CP009146,0,0.006474955
NC_018273,NZ_CP015923,0,0.92034936
JX871397,NZ_CP011663,0,0.0017951354000000001
NC_008583,NC_010408,0,0.00548282
NC_019924,NC_016830,0,0.019080408
JF937101,NZ_LS483367,0,0.009386057
NC_023746,NZ_LN999990,0,0.0010380508999999999
HQ906666,NZ_CP020911,0,0.0020811448
NC_016767,NZ_CP020911,0,0.17824686
NC_005357,NZ_CP009714,0,0.019303698
NC_001271,NZ_LS483386,0,0.0033354991999999997
NC_004914,NC_017569,0,0.0010052517
NC_016158,NZ_CP018081,0,0.5268529000000001
JF704110,NC_016830,0,0.016161075
NC_011398,NZ_LS483367,0,0.31028047
HQ641346,NZ_LS483386,0,0.44740942
NC_020416,NC_006463,0,0.08145658
NC_019918,NZ_LS483386,0,0.008332121
NC_024365,NC_014000,0,0.017170167
NC_011613,NC_014230,0,0.011028798000000001
JF704097,NZ_CP031104,0,0.026287223999999998
JQ740802,NZ_CP027642,0,0.0011975408
NC_001421,NZ_LS483386,0,0.38149622
NC_019496,NC_018289,0,0.0015556063
NC_022757,NZ_LS483386,0,0.029155709
JF937103,NZ_CP015923,0,0.007294448
NC_021772,NZ_LS483367,0,0.37837940000000003
NC_008583,NZ_CP013183,0,0.015598907
NC_024123,NZ_LS483367,0,0.021880925
NC_019768,NZ_LN877293,0,0.07779906
NC_023560,NZ_LS483367,0,0.9526398000000001
NC_017969,NZ_LS483367,0,0.13046595
NC_008583,NC_018707,0,0.0028092285999999998
NC_020872,NC_016830,0,0.24318579
NC_019768,NC_008791,0,0.77994514
NC_022987,NZ_LS483367,0,0.0044312757
NC_022767,NC_017566,0,0.51037365
JF704093,NC_004719,0,0.98155403
NC_008583,NC_021662,0,0.12033695
NC_004679,NZ_LS483367,0,0.19356781
JQ740795,NZ_CP013844,0,0.2611699
NC_021867,NZ_LS483367,0,0.7253651
NC_019935,NZ_CP027642,0,0.49767673
NC_019768,NZ_CP025309,0,0.7782323
JQ740802,NC_018289,0,0.0018934492999999998
NC_014459,NC_016830,0,0.027705552
HQ906665,NZ_CP020911,0,0.004078682
JF704093,NC_011025,0,0.0015243842000000002
NC_019713,NC_016830,0,0.102291875
GU071108,NZ_CP014058,0,0.059748847
KF771238,NZ_LS483386,0,0.08792589
NC_023574,NZ_LS483386,0,0.9112944
JX409895,NZ_LS483367,0,0.98346865
NC_022916,NZ_LS483367,0,0.030812423999999998
NC_018853,NC_016830,0,0.30087224
NC_007054,NC_017566,0,0.13937475
NC_008583,NZ_CP031104,0,0.16797976
NC_018855,NC_018289,0,0.003938012
KM190144,NC_010002,0,0.08042009
NC_019403,NZ_CP025419,0,0.029951087999999997
NC_016762,NC_003904,0,0.22008152
JX570708,NC_015217,0,0.0058029722
JF704093,NZ_CP026219,0,0.017925326000000002
NC_015273,NZ_LS483367,0,0.040517457
NC_018276,NZ_CP015923,0,0.043884896
JX570711,NZ_LS483386,0,0.01516944
NC_024354,NZ_LS483367,0,0.02344907
NC_008583,NC_009613,0,0.44821993
JF974292,NZ_CP020911,0,0.14675184
NC_004928,NC_013285,0,0.43565434
NC_008583,NZ_CP012688,0,0.0067138793
NC_021070,NZ_LS483386,0,0.057479754
JX128258,NZ_CP018075,0,0.03156198
NC_023576,NC_017566,0,0.03025229
NC_008583,NC_010002,0,0.0037813346999999997
NC_011589,NC_017566,0,0.0042786575
JF704093,NZ_CP029538,0,0.0007359988
JF704098,NC_014921,0,0.0009781375
NC_018855,NC_011025,0,0.050067414000000005
JX042579,NC_016830,0,0.06252522
LN610580,NC_008791,0,0.0034912457000000003
KM190144,NZ_CP013488,0,0.7418764
NC_001447,NZ_CP020911,0,0.002173616
NC_010275,NZ_LS483367,0,0.15352770000000002
NC_008583,NZ_CP009126,0,0.025989981000000002
NC_004066,NZ_LS483386,0,0.67369235
NC_008583,NC_009959,0,0.01677019
KJ572844,NZ_LS483367,0,0.022181472
NC_002321,NZ_LS483367,0,0.37097853
NC_019768,NZ_CP009746,0,0.016793644
AB981170,NZ_CP022100,0,0.0022757265
NC_004928,NC_018707,0,0.003370748
HQ641344,NZ_CP020911,0,0.010387707
NC_004928,NZ_CP026330,0,0.015388603
NC_019768,NC_004851,0,0.7831591
NC_017980,NZ_LS483367,0,0.6930504
NC_010495,NZ_LS483386,0,0.050218377
KM190144,NC_019681,0,0.21797384
NC_001609,NZ_CP020911,0,0.06449018
EF372997,NZ_LS483386,0,0.012724553000000001
JN699628,NZ_CP019658,0,0.00090375677
NC_005083,NZ_LS483367,0,0.44213024
NC_024360,NC_018289,0,0.0026942446999999995
JF704093,NZ_CP026330,0,0.029817652000000004
NC_002668,NZ_CP027642,0,0.0016041115
NC_014459,NZ_CP010874,0,0.0033111444
NC_022791,NZ_LS483386,0,0.99322766
NC_024146,NC_002771,0,0.022015529
NC_005964,NZ_LS483386,0,0.17822915
NC_008583,NZ_CP023507,0,0.7300809
NC_004333,NZ_CP022100,0,0.007353291999999999
NC_005258,NC_016830,0,0.035573825
NC_017969,NC_016830,0,0.015897311
NC_020883,NC_016830,0,0.24699797
NC_019768,NZ_CP009493,0,0.006391312
NC_023743,NC_016830,0,0.5075228
HQ906666,NZ_LS483386,0,0.9149325999999999
JF974289,NZ_CP022100,0,0.6393453
KF771236,NC_018289,0,0.00290338
NC_023701,NZ_LS483386,0,0.0038234447
JF704093,NZ_LN847000,0,0.0015508934
NC_024365,NZ_LN999990,0,0.0010147657000000002
KM190144,NZ_CP023568,0,0.09008944
NC_024140,NZ_LS483386,0,0.0038080579
NC_008583,NC_014000,0,0.01545644
NC_011613,NZ_CP027642,0,0.06699951
NC_008583,NC_006509,0,0.0064640655
JX042579,NZ_LS483386,0,0.0035485174
NC_008583,NZ_AP013028,0,0.863807
NC_020205,NZ_CP020911,0,0.25719684
NC_016762,NC_006463,0,0.08304862
FR852584,NC_014921,0,0.71017516
KM190144,NC_013973,0,0.0054921047
NC_021343,NZ_LS483367,0,0.010700817
NC_000929,NZ_LS483367,0,0.0033928032
NC_022980,NZ_CP026063,0,0.81697136
NC_008583,NC_002771,0,0.19794177
NC_019916,NC_009457,0,0.5141106
NC_009803,NC_016830,0,0.91683817
EF136589,NZ_CP020911,0,0.0034626303
NC_004928,NZ_CP029538,0,0.24702726
NC_019726,NZ_LS483367,0,0.13464059
NC_007805,NC_004719,0,0.94748527
NC_021776,NZ_LS483367,0,0.5500971
JQ740802,NC_014921,0,0.16241647
KM190144,NZ_CP029718,0,0.039897002
NC_011613,NZ_LS483386,0,0.0024766994
NC_005284,NC_016830,0,0.5194089
JF704093,NC_017465,0,0.0033195727
KF626668,NC_017566,0,0.009887121
NC_019912,NZ_LS483367,0,0.8145786
NC_004462,NZ_CP009714,0,0.23572806
NC_002166,NC_010408,0,0.005889681
KC348601,NC_016830,0,0.29478067
NC_019528,NC_017566,0,0.020087196
NC_011811,NZ_CP006697,0,0.8625139999999999
NC_019928,NZ_LS483386,0,0.13400368
NC_005357,NZ_CP010874,0,0.0053498973
JF704093,NC_013285,0,0.0038031048999999997
JX128257,NZ_CP015923,0,0.6755584
NC_016652,NZ_LS483386,0,0.0025295167999999997
NC_019539,NZ_LS483386,0,0.05240067
NC_016762,NZ_CP012425,0,0.0012209971
JX871397,NC_005072,0,0.0017804514
NC_008689,NC_009654,0,0.36431843
NC_005345,NZ_CP020911,0,0.003963006
NC_008583,NZ_CP013442,0,0.0017675993
NC_019490,NZ_LS483386,0,0.64571345
JF704093,NZ_CP009448,0,0.106965974
HQ110083,NC_017566,0,0.38754177
KM190144,NC_022125,0,0.005220445
NC_015294,NC_014921,0,0.0014231049
NC_015294,NZ_CP009126,0,0.42071447
NC_019768,NZ_CP010490,0,0.0023418665
NC_016762,NC_010408,0,0.18928131
NC_001954,NZ_CP020911,0,0.011683497
JX128257,NC_007506,0,0.02630732
GU071108,NC_005072,0,0.95960987
NC_005345,NZ_LS483386,0,0.0024261316
NC_024383,NZ_CP017929,0,0.0092677465
NC_022096,NZ_LS483367,0,0.0067588203
NC_020835,NZ_LS483386,0,0.9271491
NC_007805,NZ_CP013045,0,0.0009858101
NC_021562,NZ_CP020911,0,0.0015495134
NC_004928,NZ_CP023967,0,0.15508923
KM190144,NZ_CP007798,0,0.004325898
NC_022094,NZ_LS483386,0,0.92425615
NC_008583,NZ_CP010888,0,0.5106861
NC_017978,NZ_LS483367,0,0.014264364
NC_016762,NZ_CP013488,0,0.0020488463
NC_023562,NC_010999,0,0.0034296135
NC_019423,NZ_LS483367,0,0.040893566
NC_007809,NC_016830,0,0.57269454
NC_021062,NC_014230,0,0.072697274
NC_023743,NZ_LS483386,0,0.4186144
KJ586795,NZ_LS483386,0,0.033056535
NC_008562,NC_009457,0,0.058027445999999996
JQ740802,NZ_CP010888,0,0.4034908
NC_018855,NZ_LS483367,0,0.21480241
NC_019768,NC_018150,0,0.022791741
NC_014467,NC_004460,0,0.47997096
NC_021559,NC_016830,0,0.010895923
NC_011523,NC_016830,0,0.11650762
NC_008583,NZ_CP007566,0,0.051503424000000006
NC_020478,NZ_LS483386,0,0.7490474
KF148616,NZ_LS483367,0,0.037528396
NC_023583,NZ_LS483367,0,0.05043172
NC_008583,NZ_CP016928,0,0.10533968
NC_016158,NZ_CP016630,0,0.0020718342000000003
KM607001,NZ_CP004386,0,0.0050727490000000005
NC_021347,NC_009457,0,0.0014075293
HM480106,NC_017566,0,0.024988154
NC_024365,NC_022125,0,0.20266783
KC413988,NZ_LS483367,0,0.87446356
HQ906663,NZ_LS483367,0,0.96320474
NC_016762,NC_014921,0,0.0011354343
NC_020488,NZ_LS483367,0,0.11338207
NC_008583,NC_011025,0,0.9219881999999999
NC_004928,NC_007506,0,0.0018272384
KM190144,NZ_CP009714,0,0.95258474
NC_007046,NZ_CP020911,0,0.016351191
NC_016762,NZ_CP029538,0,0.0010131226
NC_012027,NZ_LS483386,0,0.0036877146999999997
GU903191,NZ_LS483367,0,0.0023443075
NC_019935,NZ_LS483386,0,0.005642224
NC_004928,NZ_CP014058,0,0.5247010999999999
JX000007,NZ_CP004386,0,0.20914120000000003
JX483873,NC_017566,0,0.026421705
NC_022757,NC_017933,0,0.87718284
NC_009237,NZ_LS483386,0,0.0016940337
NC_004928,NZ_CP013250,0,0.9291948
NC_024367,NZ_LS483386,0,0.0017170623999999998
KM606997,NZ_CP009448,0,0.025484094
NC_019768,NZ_CP006697,0,0.70316994
KM190144,NZ_CP017929,0,0.4732098
FJ848884,NC_016830,0,0.0075070914
NC_020197,NZ_CP015923,0,0.40680027
NC_007805,NZ_CP013844,0,0.0009930009
LN610582,NZ_CP027642,0,0.083552524
HQ317389,NZ_LS483367,0,0.17639783
NC_023549,NZ_LS483367,0,0.0029316077000000004
NC_013197,NZ_CP020911,0,0.16919053
NC_016655,NZ_CP015923,0,0.0023924182
NC_016762,NZ_CP016630,0,0.0008314727
FJ848884,NZ_LS483386,0,0.85846424
NC_019768,NZ_CP023568,0,0.77389866
NC_018283,NZ_LS483386,0,0.0029070738
JX871397,NZ_CP013188,0,0.017914342
NC_024365,NC_012851,0,0.9354584999999999
NC_019523,NZ_CP020911,0,0.0034761422
NC_008583,NZ_CP010490,0,0.58653706
NC_019768,NZ_CP026219,0,0.12370707
NC_023588,NZ_LS483367,0,0.005339902
NC_021776,NC_016830,0,0.38671762
KC821621,NC_016830,0,0.01446201
NC_007805,NZ_LS483386,0,0.0011684546
KM190144,NZ_CP015923,0,0.75598204
NC_019496,NZ_CP009714,0,0.0069007818
JF974292,NC_016830,0,0.59688663
NC_019414,NC_016830,0,0.004190402
JQ740799,NZ_CP018928,0,0.436087
NC_019721,NC_006463,0,0.19174013
NC_004302,NZ_LS483367,0,0.6014623
JX560968,NZ_CP007566,0,0.9014390999999999
NC_002669,NC_016830,0,0.00783487
NC_008583,NC_006569,0,0.0043388354
LN610586,NZ_CP019089,0,0.46595493
JX649099,NZ_CP009448,0,0.31421337
JX128258,NZ_CP010587,0,0.0028032079999999997
JX871397,NC_009613,0,0.0025052832999999997
NC_016563,NZ_CP027642,0,0.0121682845
JF731128,NZ_LS483367,0,0.5643766
KC821634,NZ_CP020911,0,0.0044082105
JQ965702,NC_021662,0,0.5464463
NC_023614,NZ_LS483367,0,0.28816468
JF704093,NZ_CP028786,0,0.0024402682000000003
NC_008583,NZ_CP004386,0,0.005491144
NC_024365,NC_014035,0,0.80642176
NC_024365,NZ_CP009493,0,0.6954251
NC_019414,NZ_LS483367,0,0.002162072
KF562341,NZ_CP010888,0,0.00846011
NC_011399,NZ_CP018081,0,0.6237475
NC_008583,NC_014159,0,0.0024425397
JF704110,NZ_CP013045,0,0.0013905487
KM190144,NC_022737,0,0.3522507
NC_021070,NC_016830,0,0.24949768
NC_008583,NZ_CP031056,0,0.06613877
NC_007045,NC_017566,0,0.012416713999999999
JF974308,NC_016830,0,0.06967418
NC_016158,NC_015217,0,0.003161391
NC_016770,NC_016830,0,0.11423937
NC_011613,NC_009654,0,0.004027609000000001
NC_021073,NZ_LS483386,0,0.5689224
HQ641352,NZ_CP027642,0,0.015051542
NC_004928,NC_015217,0,0.7501114999999999
NC_002486,NZ_CP013045,0,0.07471359
FR823450,NC_017566,0,0.031895585
NC_019713,NZ_LS483367,0,0.024191367999999998
KF751796,NC_016830,0,0.017654333
JX403939,NZ_CP009126,0,0.0017534489000000002
KM190144,NZ_LS483439,0,0.01412659
NC_008583,NZ_LS483439,0,0.83501613
JF704098,NZ_CP017929,0,0.0026779224
NC_008265,NZ_LS483386,0,0.012824945
NC_007805,NZ_CP014058,0,0.0009215605
NC_024124,NZ_CP026330,0,0.022515176
NC_005294,NZ_LS483386,0,0.9388866
EF136587,NZ_LS483386,0,0.35860443
NC_016570,NZ_CP010888,0,0.017227473
NC_021067,NZ_LS483367,0,0.9217886000000001
NC_016763,NZ_CP024888,0,0.77348036
HQ317388,NZ_LS483367,0,0.43986549999999996
JX649099,NZ_CP027642,0,0.0048484295
NC_005357,NC_017566,0,0.008194453
GU071108,NZ_CP029538,0,0.6066399
NC_004665,NZ_LS483367,0,0.0011533161
NC_023562,NZ_CP016928,0,0.008277581
NC_002656,NC_017569,0,0.0045477003000000005
NC_019767,NZ_LS483386,0,0.004712602
NC_004928,NC_004851,0,0.75761783
NC_015262,NC_016830,0,0.006603905500000001
KC310806,NC_016830,0,0.8352332
NC_008583,NZ_CP009493,0,0.0033826046
NC_022987,NC_016830,0,0.6576339
NZ_ACSJ01000017,NC_016830,0,0.03754406
L06183,NZ_CP020911,0,0.0819975
NC_016158,NZ_CP013045,0,0.0034812728000000004
NC_007063,NZ_CP018075,0,0.019080065
GU936714,NZ_LS483367,0,0.18316597
NC_016565,NZ_CP020911,0,0.015695324
NC_008583,NZ_CP025309,0,0.008497467
NC_019496,NZ_LS483386,0,0.5094399000000001
NC_012419,NZ_CP016892,0,0.14540568
JX649099,NZ_LS483386,0,0.00418551
NC_022327,NZ_LS483367,0,0.008410329
NC_016563,NZ_CP010587,0,0.86291766
NC_016158,NZ_CP012584,0,0.7595264
NC_008583,NZ_CP016980,0,0.0025559682
JF704093,NZ_CP015043,0,0.14349145
NC_018085,NZ_LS483367,0,0.8373503000000001
NC_016763,NC_022441,0,0.03315944
GU071105,NC_003904,0,0.024147727
NC_002671,NZ_LS483386,0,0.96560127
NC_011613,NZ_CP018928,0,0.19430238
NC_002214,NZ_LS483386,0,0.6313416000000001
NC_006565,NZ_LS483367,0,0.8266463
NC_016762,NC_014159,0,0.34954026
JF704098,NZ_LN999990,0,0.0007044432600000001
JQ740796,NZ_CP015043,0,0.021029093999999998
NC_016563,NC_004719,0,0.012142314
NC_024365,NZ_LS483386,0,0.0020932127
NC_009237,NZ_CP020649,0,0.70374036
KC333879,NZ_LS483367,0,0.55918247
JF704097,NZ_LS483386,0,0.0017847422
NC_004928,NC_017469,0,0.48376828
NC_024365,NC_022793,0,0.0033265545
GU071108,NC_014035,0,0.005883134399999999
NC_004165,NC_017566,0,0.75808144
NC_021559,NZ_LS483386,0,0.34001896
NC_017976,NZ_LS483367,0,0.9464338
NC_005893,NC_018289,0,0.012559761000000001
GU071108,NC_018289,0,0.004475417
JQ740814,NZ_CP009714,0,0.042551517000000004
NC_020478,NZ_CP027642,0,0.14096323
NC_018452,NC_016830,0,0.24311750000000001
NC_019768,NZ_LT599053,0,0.0064769983
NC_023576,NZ_CP010874,0,0.00820965
JF704093,NZ_CP015985,0,0.0008955439599999999
