label,prob,pred
1,0.024011066,0
1,0.99999034,1
1,0.9999695,1
1,0.9999945,1
1,0.9999734,1
1,0.9999944,1
1,0.9999944,1
1,5.601058e-07,0
1,0.9999695,1
1,1.0,1
1,0.99999964,1
1,1.0,1
1,1.0,1
1,0.6778213,1
1,1.0,1
1,0.9997112,1
1,0.9907911,1
1,0.9989359,1
1,0.012652268,0
1,0.049733464,0
1,0.9752136,1
1,0.99961394,1
1,0.029945016,0
1,0.00702147,0
1,0.0121320905,0
1,0.05561382,0
1,0.05561382,0
1,0.4451193,0
1,0.010932794,0
1,0.6558983,1
1,0.9938074,1
1,0.14085557,0
1,0.05561382,0
1,0.009571385,0
1,0.62762797,1
1,0.8993723,1
1,0.99907076,1
1,0.010039205,0
1,0.9678094,1
1,0.974942,1
1,0.047631696,0
1,0.19335994,0
1,0.6550291,1
1,0.062047783,0
1,0.030838214,0
1,0.99897516,1
1,0.75002664,1
1,0.99850464,1
1,0.025614806,0
1,0.9996897,1
1,0.007374435,0
1,0.002201026,0
1,0.18103164,0
1,0.03481585,0
1,0.44165343,0
1,0.80248904,1
1,0.05494081,0
1,0.9999987,1
1,0.8855005,1
1,0.0011936261,0
1,0.027947545,0
1,0.9993061,1
1,0.99705124,1
1,0.23217595,0
1,0.8549887,1
1,1.0,1
1,1.0,1
1,0.99926037,1
1,0.8224601,1
1,1.0,1
1,0.9999893,1
1,0.0027925528,0
1,0.9998555,1
1,1.0,1
1,1.0,1
1,1.0,1
1,0.8641597,1
1,0.99898,1
1,0.999171,1
1,0.99999976,1
1,0.9999678,1
1,0.9999976,1
1,0.9999987,1
1,0.99994385,1
1,0.9999435,1
1,0.0031225055,0
1,0.99999833,1
1,0.9999927,1
1,0.9999994,1
1,0.05549568,0
1,1.7192064e-05,0
1,0.99998903,1
1,0.999948,1
1,0.000104916784,0
1,0.9533445,1
1,0.99609935,1
1,0.9998259,1
1,0.059513733,0
1,0.9999968,1
1,1.0,1
1,1.0,1
1,0.835322,1
1,0.99987996,1
1,0.99766785,1
1,0.9999981,1
1,1.0,1
1,1.0,1
1,1.0,1
1,0.99998045,1
1,1.0,1
1,1.0,1
1,1.0,1
1,0.9999999,1
1,1.0,1
1,0.99999106,1
1,0.028700491,0
1,1.0,1
1,0.12394714,0
1,0.0035435422,0
1,0.0008379538,0
1,0.0006676984,0
1,0.9999951,1
1,0.9910835,1
1,0.82413566,1
1,2.8955283e-05,0
1,0.9999999,1
1,0.9999887,1
1,0.99922085,1
1,0.9999801,1
1,0.9997868,1
1,5.0657127e-05,0
1,0.9999665,1
1,0.9999933,1
1,0.99999404,1
1,0.90727407,1
1,0.9999697,1
1,0.9999993,1
1,0.9999999,1
1,1.0,1
1,1.0,1
1,1.0,1
1,8.639511e-05,0
1,1.0808537e-05,0
1,1.2650484e-05,0
1,0.9999808,1
1,7.218912e-05,0
1,0.9948913,1
1,0.9487855,1
1,0.99999845,1
1,0.999969,1
1,0.00042408236,0
1,3.1590116e-05,0
1,1.0,1
1,0.9998505,1
1,0.007378908,0
1,0.00081650814,0
1,0.9995808,1
1,3.4043458e-07,0
1,0.9999987,1
1,1.0,1
1,7.977114e-07,0
1,0.3847617,0
1,0.99999774,1
1,1.0,1
1,0.99999595,1
1,0.99998665,1
1,0.9999752,1
1,0.9999677,1
1,0.42416742,0
1,0.98005384,1
1,1.0,1
1,0.95875293,1
1,0.96871424,1
1,1.0,1
1,1.0,1
1,1.0,1
1,0.9975153,1
1,0.99844176,1
1,1.0,1
1,0.9999136,1
1,0.9999931,1
1,0.08117645,0
1,0.9999982,1
1,0.0029504658,0
1,0.99975044,1
1,0.72843295,1
1,0.999316,1
1,1.0,1
1,0.0033165892,0
1,1.0,1
1,1.0,1
1,1.0,1
1,0.99943537,1
1,1.0,1
1,0.99999905,1
1,0.99223584,1
1,0.99997306,1
1,1.0,1
1,1.0,1
1,0.1432906,0
1,0.0023060762,0
1,0.9907252,1
1,0.99899954,1
1,2.4564271e-05,0
1,0.99987924,1
1,0.0067282994,0
1,0.99797696,1
1,0.99999917,1
1,0.9611216,1
1,1.0,1
1,1.0,1
1,0.0037568214,0
1,0.99346465,1
1,0.999995,1
1,0.9999999,1
1,1.0,1
1,1.0,1
1,1.0,1
1,0.051704656,0
1,1.0,1
1,0.99999964,1
1,0.9998971,1
1,0.9999999,1
1,1.0,1
1,1.0,1
1,1.0,1
1,0.00056971237,0
1,0.9999893,1
1,0.9999999,1
1,0.99915004,1
1,1.0,1
1,0.0052928147,0
1,1.0,1
1,1.0,1
1,0.5553087,1
1,1.0,1
1,1.0,1
1,0.95623237,1
1,0.99999464,1
1,0.49435896,0
1,0.9999999,1
1,1.6016161e-06,0
1,1.0,1
1,1.0,1
1,0.92592305,1
1,0.9970688,1
1,0.99999964,1
1,1.0,1
1,0.9998821,1
1,0.9809325,1
1,0.20780861,0
1,0.99995327,1
1,0.011494953,0
1,1.0,1
1,7.6353776e-05,0
1,1.0,1
1,0.4655183,0
1,0.9999912,1
1,0.030445928,0
1,0.99998105,1
1,0.99999976,1
1,0.99999845,1
1,0.9997671,1
1,1.0,1
1,0.0021230176,0
1,0.99997115,1
1,0.99999213,1
1,1.0,1
1,0.99986243,1
1,0.9997675,1
1,0.9930495,1
1,0.99999774,1
1,0.008507184,0
1,1.0,1
1,0.9999999,1
1,1.0,1
1,1.0,1
1,1.0,1
1,0.99999917,1
1,0.99999607,1
1,1.0,1
1,0.998273,1
1,0.999828,1
1,0.00060547615,0
1,0.99999726,1
1,0.004395503,0
1,0.9999999,1
1,1.0,1
1,0.96190524,1
1,0.9997874,1
1,0.99541193,1
1,0.31710854,0
1,0.00035525093,0
1,0.9999999,1
1,0.9999999,1
1,0.91078275,1
1,0.999767,1
1,0.9999999,1
1,0.9999988,1
1,0.9959443,1
1,0.9999958,1
1,0.9999988,1
1,0.9999999,1
1,0.99999404,1
1,0.9996037,1
1,1.0,1
1,1.0,1
1,0.044070046,0
1,0.004310083,0
1,0.05147591,0
1,1.0,1
1,1.0,1
1,1.0,1
1,0.99999905,1
1,0.9999999,1
1,5.1457035e-05,0
1,1.8492945e-05,0
1,0.9999502,1
1,1.0,1
1,0.007086718,0
1,0.57174385,1
1,0.9999988,1
1,0.9999999,1
1,0.019853216,0
1,1.0,1
1,0.99999857,1
1,1.0,1
1,1.0,1
1,1.0,1
1,0.9999999,1
1,0.999859,1
1,1.0,1
1,1.0,1
1,0.99999976,1
1,0.9999999,1
1,1.0,1
1,1.0,1
1,1.0,1
1,1.0,1
1,1.0,1
1,1.0,1
1,1.0,1
1,1.0,1
1,1.0,1
1,1.0,1
1,0.99999976,1
1,0.14472781,0
1,1.0,1
1,0.0042483453,0
1,0.99999976,1
1,0.9976646,1
1,0.9999994,1
1,0.08572565,0
1,0.4097442,0
1,0.99995756,1
1,1.0,1
1,1.0,1
1,0.4564998,0
1,1.0,1
1,0.99998546,1
1,1.0,1
1,0.0071008145,0
1,0.999998,1
1,0.99903417,1
1,0.9999808,1
1,1.0,1
1,1.0,1
1,0.9999999,1
1,3.91217e-05,0
1,1.0,1
1,0.42393968,0
1,1.0,1
1,1.0,1
1,1.0,1
1,1.0,1
1,1.0,1
1,1.0,1
1,1.0,1
1,0.9932741,1
1,1.0,1
1,0.9993237,1
1,1.0,1
1,0.737682,1
1,0.03164455,0
1,1.0,1
1,1.0,1
1,1.0,1
1,0.94768614,1
1,0.011547525,0
1,1.0,1
1,0.99999976,1
1,1.0,1
1,1.0,1
1,0.99997914,1
1,0.99999833,1
1,1.0,1
1,1.0,1
1,0.025327886,0
1,0.99999344,1
1,0.99997735,1
1,0.10678893,0
1,1.0,1
1,0.9999999,1
1,1.0,1
1,0.9999993,1
1,0.9999752,1
1,1.7167878e-07,0
1,2.03866e-07,0
1,0.00199891,0
1,0.9999999,1
1,1.0,1
1,4.282361e-05,0
1,0.049695667,0
1,0.92369,1
1,4.0922117e-05,0
1,0.99996424,1
1,1.0,1
1,1.0,1
1,3.1818463e-06,0
1,1.0,1
1,0.99993765,1
1,0.005868982,0
1,2.7667327e-05,0
1,0.99998844,1
1,1.0,1
1,0.0002310231,0
1,0.9999893,1
1,2.9844552e-05,0
1,0.999998,1
1,1.0,1
1,0.99999976,1
1,0.99926883,1
1,0.3261234,0
1,0.99887353,1
1,1.0,1
1,1.0991324e-06,0
1,0.9999896,1
1,1.0,1
1,1.0,1
1,0.80188066,1
1,1.0,1
1,0.0035793586,0
1,0.022939796,0
1,0.004183505,0
1,0.99888796,1
1,0.15045992,0
1,1.0,1
1,0.9999871,1
1,1.0,1
1,1.0,1
1,1.0,1
1,0.9999999,1
1,0.99999976,1
1,1.0,1
1,0.9999838,1
1,1.0,1
1,1.0,1
1,0.9997087,1
1,0.0020938423,0
1,1.0,1
1,1.0,1
1,0.9967867,1
1,0.54789406,1
1,1.0,1
1,0.9999852,1
1,1.0,1
1,0.9990734,1
1,1.0,1
1,0.9999999,1
1,0.99984515,1
1,0.9999999,1
1,0.00033578151,0
1,0.99986756,1
1,0.99987686,1
1,0.99931955,1
1,0.9999999,1
1,1.8104433e-07,0
1,0.99996185,1
1,0.011053448,0
1,0.99999917,1
1,0.00015681465,0
1,2.223049e-05,0
1,0.08210943,0
1,3.5828656e-05,0
1,0.9998652,1
1,1.0,1
1,1.0,1
1,7.3050064e-06,0
1,0.99999964,1
1,0.99999917,1
1,1.2404193e-07,0
1,0.9999789,1
1,0.99999976,1
1,0.17905785,0
1,0.99899,1
1,0.058083024,0
1,0.9999887,1
1,0.99492234,1
1,0.93379843,1
1,0.99999917,1
1,4.4108387e-07,0
1,0.93379843,1
1,2.9413772e-05,0
1,0.9998579,1
1,0.9923757,1
1,0.9999838,1
1,0.9999988,1
1,0.00013128355,0
1,0.99999356,1
1,3.753691e-05,0
1,0.9999976,1
1,4.226208e-05,0
1,1.6050968e-05,0
1,0.000118938275,0
1,0.9999999,1
1,0.006724741,0
1,0.9998124,1
1,1.0,1
1,0.80604655,1
1,0.9999931,1
1,0.9999652,1
1,0.99999714,1
1,0.99998975,1
1,0.006962872,0
1,1.0,1
1,0.122332335,0
1,0.99999833,1
1,0.999871,1
1,1.0,1
1,0.96842927,1
1,0.9989417,1
1,0.9999213,1
1,0.8608611,1
1,0.0017577349,0
1,1.0466559e-05,0
1,1.0,1
1,0.9999608,1
1,1.0,1
1,3.5719415e-05,0
1,0.99990356,1
1,0.00014281442,0
1,0.00081276655,0
1,0.0002966113,0
1,0.9999331,1
1,1.0,1
1,1.0,1
1,0.9999987,1
1,0.9999273,1
1,7.482082e-05,0
1,0.99782133,1
1,1.0,1
1,0.99999714,1
1,0.99999857,1
1,0.9998165,1
1,1.0,1
1,0.9999963,1
1,0.9999999,1
1,0.9999949,1
1,0.000514438,0
1,0.9999869,1
1,0.9999994,1
1,0.999946,1
1,0.9999981,1
1,0.99999976,1
1,0.68556976,1
1,0.9999999,1
1,0.00047900036,0
1,0.9999919,1
1,0.052451883,0
1,0.9999918,1
1,0.9394668,1
1,0.047602095,0
1,2.2351596e-05,0
1,1.0,1
1,0.9999919,1
1,1.0241201e-05,0
1,0.99999976,1
1,1.0,1
1,0.8647708,1
1,0.9999999,1
1,0.9999994,1
1,1.0,1
1,0.9999988,1
1,0.9999994,1
1,9.3313516e-05,0
1,1.0,1
1,1.0,1
1,0.99999976,1
1,0.00038723962,0
1,0.9999987,1
1,0.99999607,1
1,0.9999994,1
1,0.9999999,1
1,0.9999999,1
1,0.5457389,1
1,1.0,1
1,0.99999845,1
1,0.983714,1
1,0.9999989,1
1,1.0,1
1,1.0,1
1,0.044989035,0
1,0.011812942,0
1,1.8108565e-05,0
1,0.9994293,1
1,5.0325718e-05,0
1,1.0,1
1,1.0,1
1,1.0,1
1,0.88714707,1
1,1.0,1
1,1.0,1
1,1.0,1
1,0.01393446,0
1,0.99998987,1
1,0.99999785,1
1,1.0,1
1,0.9999887,1
1,0.00013627301,0
1,5.05811e-05,0
1,0.0012957489,0
1,0.99999785,1
1,1.0,1
1,0.99978834,1
1,0.01641172,0
1,0.9999757,1
1,0.99966717,1
1,0.99999547,1
1,0.9980465,1
1,1.0,1
1,0.000638198,0
1,0.9999999,1
1,1.0,1
1,1.0,1
1,0.999998,1
1,1.0,1
1,0.9994935,1
1,0.99957067,1
1,1.0,1
1,0.0002215773,0
1,1.0,1
1,0.999969,1
1,0.9999697,1
1,0.99999964,1
1,0.00066239404,0
1,0.9997315,1
1,0.99824643,1
1,2.274115e-05,0
1,0.999998,1
1,1.0,1
1,1.0,1
1,0.3657983,0
1,0.9999999,1
1,0.99998605,1
1,0.9998104,1
1,1.0,1
1,0.0007096058,0
1,0.9999969,1
1,0.00015678146,0
1,6.4686213e-07,0
1,1.0,1
1,0.9999858,1
1,0.99923205,1
1,0.9999932,1
1,0.97513026,1
1,0.99982363,1
1,0.9997733,1
1,0.000503612,0
1,1.0,1
1,0.99997437,1
1,0.99999833,1
1,0.9999999,1
1,0.9996375,1
1,0.9994772,1
1,0.9999248,1
1,0.99999666,1
1,1.0,1
1,0.99999976,1
1,0.99993646,1
1,0.9239583,1
1,1.0,1
1,0.9999999,1
1,1.0,1
1,1.0,1
1,1.0,1
1,0.99795985,1
1,0.80253863,1
1,1.0,1
1,1.0,1
1,0.9999534,1
1,0.9999988,1
1,1.0,1
1,1.0,1
1,1.0,1
1,1.0,1
1,0.9977744,1
1,0.8278354,1
1,0.99999976,1
1,0.99999344,1
1,1.0,1
1,0.99993813,1
1,0.99964297,1
1,8.9003064e-05,0
1,0.96178377,1
1,0.99605983,1
1,0.99997497,1
1,7.794659e-05,0
1,0.02366066,0
1,0.98240083,1
1,0.9999584,1
1,0.99989176,1
1,0.0008883702,0
1,0.99999714,1
1,0.9988091,1
1,0.9999988,1
1,0.99999356,1
1,0.99999416,1
1,0.9999933,1
1,0.99964535,1
1,0.9999951,1
1,1.0,1
1,1.0,1
1,1.0,1
1,0.0028391718,0
1,0.971538,1
1,0.9657847,1
1,3.1818463e-06,0
1,1.0,1
1,1.0,1
1,1.0,1
1,0.9967867,1
1,0.004628345,0
1,0.9701503,1
1,4.820767e-05,0
1,2.5866222e-05,0
1,0.007307965,0
1,0.9925949,1
1,1.0,1
1,1.0,1
1,0.99994385,1
1,0.99945503,1
1,0.99998426,1
1,0.99999607,1
1,1.0,1
1,1.0,1
1,0.99999976,1
1,0.99993074,1
1,1.0,1
1,1.0,1
1,1.0,1
1,1.0,1
1,0.99999774,1
1,1.0,1
1,1.0,1
1,0.99964774,1
1,0.0071873986,0
1,0.066134706,0
1,1.0,1
1,0.99999845,1
1,0.93379843,1
1,0.93379843,1
1,0.93379843,1
1,0.99492234,1
1,0.03656299,0
1,0.856921,1
1,0.04505883,0
1,0.993292,1
1,0.993292,1
1,1.0,1
1,0.00044527548,0
1,0.8502141,1
1,0.0015178531,0
1,0.9999366,1
1,0.999527,1
1,2.9415709e-05,0
1,0.99999714,1
1,0.4191302,0
1,0.0011609652,0
1,0.9999999,1
1,0.9999982,1
1,0.99993217,1
1,0.99997866,1
1,0.9999968,1
1,0.99999607,1
1,0.43584692,0
1,0.9999882,1
1,0.9999882,1
1,0.9999924,1
1,0.9999924,1
1,0.99998784,1
1,0.99999416,1
1,0.9999937,1
1,0.00025044952,0
1,1.0,1
1,1.0,1
1,1.0,1
1,0.99999785,1
1,1.0,1
1,0.9999994,1
1,0.9999993,1
1,0.99993515,1
1,0.9999298,1
1,0.9982552,1
1,0.9995542,1
1,0.9991198,1
1,0.99999714,1
1,0.9999999,1
1,0.99997234,1
1,1.0,1
1,0.999998,1
1,2.9117269e-08,0
1,1.0,1
1,1.0,1
1,1.0,1
1,0.9999999,1
1,0.99926215,1
1,1.0,1
1,1.0,1
1,0.9999999,1
1,1.0,1
1,1.0,1
1,0.99999976,1
1,0.9999988,1
1,0.9999999,1
1,1.0,1
1,0.99974185,1
1,0.99999225,1
1,0.9987393,1
1,0.99962354,1
1,0.9999933,1
1,0.99999535,1
1,0.99999774,1
1,0.9999999,1
1,0.9999999,1
1,0.9976488,1
1,0.99999774,1
1,1.0,1
1,0.99997973,1
1,0.00040507398,0
1,1.0,1
1,0.9999244,1
1,0.9999999,1
1,0.9998265,1
1,0.8690786,1
1,0.99998343,1
1,0.9520636,1
1,0.9999999,1
1,1.0,1
1,1.0,1
1,1.0,1
1,1.0,1
1,1.0,1
1,1.0,1
1,1.0,1
1,1.0,1
1,1.0,1
1,1.0,1
1,1.0,1
1,1.0,1
1,1.0,1
1,1.0,1
1,1.0,1
1,1.0,1
1,1.0,1
1,1.0,1
1,1.0,1
1,1.0,1
1,1.0,1
1,1.0,1
1,1.0,1
1,1.0,1
1,1.0,1
1,1.0,1
1,0.9999999,1
1,0.9999851,1
1,0.9997502,1
1,0.99925727,1
1,0.9999976,1
1,0.99999774,1
1,0.99999785,1
1,0.9999999,1
1,0.9999999,1
1,0.99999905,1
1,0.99999785,1
1,1.0,1
1,0.00012886019,0
1,0.00060614216,0
1,0.99999976,1
1,0.9999844,1
1,1.0,1
1,1.0,1
1,0.9995437,1
1,0.99965775,1
1,0.999979,1
1,0.9999876,1
1,0.9999999,1
1,0.9999081,1
1,0.9999703,1
1,0.0021230176,0
1,0.99524164,1
1,0.9988391,1
1,0.9990048,1
1,0.9998272,1
1,0.9998272,1
1,0.99767476,1
1,0.99864644,1
1,0.9999994,1
1,0.012994344,0
1,0.0017381649,0
1,0.0005702043,0
1,1.0,1
1,0.9988091,1
1,0.99999416,1
1,0.99999416,1
1,0.9988091,1
1,0.9999999,1
1,0.9999993,1
1,1.0,1
1,0.0009861176,0
1,1.0,1
1,0.00013817752,0
1,0.00070426235,0
1,0.9977744,1
1,0.87568164,1
1,0.99992776,1
1,0.99923813,1
1,0.6378792,1
1,0.9999999,1
1,2.8149014e-05,0
1,0.9999428,1
1,0.9854452,1
1,0.0006061982,0
1,0.9999995,1
1,0.9999994,1
1,0.99999964,1
1,0.9986058,1
1,0.991576,1
1,0.99999523,1
1,0.9999999,1
1,0.9807006,1
1,0.99999464,1
1,0.9996371,1
1,1.0,1
1,0.9999994,1
1,0.99999607,1
1,0.99996054,1
1,0.9999994,1
1,0.99999917,1
1,0.8865652,1
1,0.9998258,1
1,0.9998258,1
1,0.99996865,1
1,0.010883098,0
1,0.99999976,1
1,1.0,1
1,1.0,1
1,1.0,1
1,1.0,1
1,1.0,1
1,1.0,1
1,1.0,1
1,1.0,1
1,1.0,1
1,1.0,1
1,1.0,1
1,0.9999976,1
1,0.99998343,1
1,0.99998343,1
1,1.0,1
1,0.99999607,1
1,0.9999988,1
1,0.9999988,1
1,0.9999999,1
1,0.0040169056,0
1,4.602247e-05,0
1,1.0,1
1,3.9310766e-08,0
1,0.049331084,0
1,0.0009176606,0
1,0.001435774,0
1,0.0005178119,0
1,0.9701657,1
1,1.0,1
1,1.0,1
1,1.0,1
1,1.0,1
1,1.0,1
1,0.88187635,1
1,0.0042088055,0
1,0.88187635,1
1,0.0045503434,0
1,1.0,1
1,0.63490295,1
1,0.9993808,1
1,0.9999964,1
1,0.9934822,1
1,0.99975044,1
1,1.0,1
1,0.9999999,1
1,0.98005384,1
1,0.89785385,1
1,0.17074156,0
1,0.0013406135,0
1,0.99977666,1
1,0.010355278,0
1,0.9874166,1
1,0.48367792,0
1,0.9999999,1
1,1.0,1
1,0.9999076,1
1,0.9999759,1
1,0.9999759,1
1,1.0,1
1,0.99994826,1
1,0.99990463,1
1,0.99999964,1
1,1.0,1
1,0.99998343,1
1,1.0,1
1,0.5634703,1
1,3.3862256e-05,0
1,0.0006690609,0
1,0.00525814,0
1,0.00048868766,0
1,0.7577857,1
1,0.0056695426,0
1,0.16085522,0
1,0.005145478,0
1,0.18675937,0
1,0.6575702,1
1,0.0010797766,0
1,1.6301508e-05,0
1,0.9364852,1
1,0.75658166,1
1,0.002020741,0
1,0.00917237,0
1,0.009829276,0
1,0.012941684,0
1,0.9999639,1
1,0.01779482,0
1,0.9791429,1
1,0.034845557,0
1,0.99999833,1
1,1.0,1
1,0.99996316,1
1,0.9999999,1
1,0.00020184922,0
1,1.0,1
1,1.0,1
1,1.0,1
1,1.0,1
1,0.031901322,0
1,1.0,1
1,0.9874765,1
1,0.20144771,0
1,0.9999999,1
1,1.0,1
1,1.0,1
1,0.9986064,1
1,0.9999809,1
1,0.82019264,1
1,1.0,1
1,0.9999999,1
1,1.0,1
1,1.0,1
1,1.0,1
1,0.91297084,1
1,0.99999094,1
1,1.0,1
1,1.0,1
1,0.99998677,1
1,0.99999976,1
1,1.0,1
1,0.9999999,1
1,0.02944712,0
1,1.8448873e-05,0
1,0.0006231468,0
1,1.0,1
1,0.015407869,0
1,0.9999598,1
1,0.999987,1
1,0.9999889,1
1,1.0,1
1,1.0,1
1,0.9046714,1
1,0.9999895,1
1,1.0,1
1,0.9998815,1
1,1.0,1
1,1.0,1
1,1.0,1
1,0.99966717,1
1,0.9995808,1
1,0.99999106,1
1,0.000503612,0
1,0.02546064,0
1,1.12176795e-05,0
1,1.12176795e-05,0
1,1.12176795e-05,0
1,1.12176795e-05,0
1,1.1232087e-05,0
1,2.9361532e-05,0
1,1.9130888e-05,0
1,3.9138828e-05,0
1,0.96842927,1
1,4.0116833e-05,0
1,0.99999964,1
1,0.99999607,1
1,1.0,1
1,1.8448873e-05,0
1,0.00026595502,0
1,0.96178377,1
1,1.0,1
1,0.9999999,1
1,0.9046714,1
1,0.99994826,1
1,0.9999598,1
1,1.0,1
1,1.0,1
1,0.99990463,1
1,0.99999964,1
1,1.0,1
1,1.0,1
1,0.999987,1
1,0.9999889,1
1,1.0,1
1,1.0,1
1,0.9999895,1
1,0.9999999,1
1,1.0,1
1,0.99998677,1
1,1.0,1
1,1.0,1
1,0.99999034,1
1,0.9999999,1
1,1.0,1
1,0.9999999,1
1,1.0,1
1,0.92592305,1
1,0.99999094,1
1,0.91297084,1
1,1.0,1
1,1.0,1
1,1.6016161e-06,0
1,0.9999809,1
1,0.9986064,1
1,0.82019264,1
1,0.015407869,0
1,0.12733224,0
1,0.9999248,1
1,3.4032702e-05,0
1,1.0,1
1,0.99999547,1
1,0.3847617,0
1,0.9999136,1
1,0.00047900036,0
1,0.009723098,0
1,0.9999987,1
1,1.972549e-05,0
1,0.00023970194,0
1,1.0,1
1,1.0,1
1,0.9998104,1
1,0.99999917,1
1,0.96190524,1
1,0.99926037,1
1,0.20144771,0
1,0.031901322,0
1,0.059344567,0
1,1.0,1
1,1.0,1
1,1.0,1
1,0.011494953,0
1,1.0,1
1,0.02944712,0
1,1.0,1
1,1.0,1
1,0.99999917,1
1,0.99997115,1
1,1.0,1
1,1.0,1
1,0.95623237,1
1,0.00056971237,0
1,0.82413566,1
1,0.9980465,1
1,0.3261234,0
1,0.0010653457,0
1,1.0,1
1,0.99999964,1
1,1.0,1
1,0.00020184922,0
1,0.0019203413,0
1,0.025327886,0
1,0.9791429,1
1,0.034845557,0
1,0.01779482,0
1,0.5634703,1
1,0.9999639,1
1,0.0056695426,0
1,1.6301508e-05,0
1,0.18675937,0
1,0.012941684,0
1,0.75658166,1
1,0.16085522,0
1,0.00525814,0
1,0.00048868766,0
1,3.3862256e-05,0
1,0.0010797766,0
1,0.7577857,1
1,0.0006690609,0
1,0.9364852,1
1,0.002020741,0
1,0.6575702,1
1,0.00917237,0
1,0.99803454,1
1,0.99993837,1
1,0.9998318,1
1,0.99988234,1
1,0.9999689,1
1,0.9999931,1
1,0.9999938,1
1,0.9999964,1
1,0.99999535,1
1,0.9999677,1
1,1.0,1
1,0.99998605,1
1,0.99998,1
1,1.0,1
1,0.9999999,1
1,0.99999845,1
1,0.9999851,1
1,0.9999999,1
1,0.009829276,0
1,0.009678302,0
1,0.005145478,0
1,0.99370366,1
1,0.9997557,1
1,0.99969375,1
1,0.99974936,1
1,0.82565105,1
1,1.0,1
1,1.0,1
1,0.99931955,1
1,0.059513733,0
1,0.9999968,1
1,1.0,1
1,1.0,1
1,0.00066239404,0
1,0.98697704,1
1,2.274115e-05,0
1,1.0,1
1,0.99997914,1
1,0.99999833,1
1,8.639511e-05,0
1,1.0808537e-05,0
1,1.0,1
1,0.99998343,1
1,1.0,1
1,0.99996316,1
1,0.9999795,1
1,0.99999833,1
1,0.9998579,1
1,1.0,1
1,0.0006231468,0
1,0.9874765,1
1,1.0,1
1,0.9394668,1
0,1.8706112e-05,0
0,6.9766706e-05,0
0,0.0029509948,0
0,0.00033224584,0
0,1.0087559e-09,0
0,0.00076459284,0
0,1.4227948e-07,0
0,0.011893747,0
0,0.9999709,1
0,5.972772e-05,0
0,0.010771761,0
0,0.0006732434,0
0,4.5300607e-05,0
0,0.011188028,0
0,0.0011123404,0
0,0.00032530958,0
0,2.9399953e-06,0
0,0.70426273,1
0,0.00049883913,0
0,3.1458626e-06,0
0,0.4247055,0
0,0.97414124,1
0,0.99932027,1
0,0.9998272,1
0,0.0023860298,0
0,0.0008034055,0
0,8.522475e-06,0
0,0.9999703,1
0,0.09368515,0
0,0.000109799366,0
0,0.00029173723,0
0,1.2332351e-05,0
0,2.1563447e-07,0
0,0.9389797,1
0,1.4172122e-08,0
0,0.0010037228,0
0,1.88197e-05,0
0,2.667946e-06,0
0,0.0002522199,0
0,0.00091346796,0
0,0.027627923,0
0,0.0017204703,0
0,0.99999654,1
0,3.4721417e-08,0
0,2.4803285e-07,0
0,2.071352e-05,0
0,0.014635041,0
0,7.8776986e-07,0
0,0.00021380946,0
0,3.334136e-05,0
0,0.0006840318,0
0,9.742178e-05,0
0,0.015792912,0
0,0.027907748,0
0,0.99999654,1
0,0.0271449,0
0,0.1527455,0
0,9.20241e-06,0
0,2.9140159e-08,0
0,0.009445864,0
0,2.7994654e-05,0
0,0.00081146107,0
0,0.000630839,0
0,0.00083653734,0
0,0.000116918,0
0,0.99768627,1
0,0.69278127,1
0,0.018957535,0
0,0.6139765,1
0,0.025408562,0
0,3.310231e-06,0
0,0.99989605,1
0,0.9791166,1
0,1.9020327e-06,0
0,0.1451976,0
0,0.9999324,1
0,1.0350424e-05,0
0,0.99999917,1
0,0.9893,1
0,0.0013959197,0
0,0.00036930435,0
0,0.99999905,1
0,0.9962979,1
0,1.9128763e-06,0
0,0.7201663,1
0,0.04793455,0
0,0.00016731705,0
0,0.9811819,1
0,1.112392e-06,0
0,2.7045564e-06,0
0,0.00079051504,0
0,0.0041569364,0
0,5.944633e-05,0
0,0.0027774824,0
0,0.9975568,1
0,2.8920889e-08,0
0,0.99999964,1
0,2.1525962e-10,0
0,0.9999373,1
0,8.319016e-07,0
0,0.99192965,1
0,6.9718576e-06,0
0,0.9988397,1
0,0.023571765,0
0,0.01141898,0
0,0.9856806,1
0,0.8997481,1
0,0.0039875503,0
0,0.0007691625,0
0,0.081693955,0
0,4.8806583e-06,0
0,7.0566755e-05,0
0,5.9005066e-05,0
0,5.8670257e-06,0
0,0.99999976,1
0,0.9999999,1
0,0.0010243552,0
0,2.4001413e-06,0
0,1.2869534e-06,0
0,0.0071760355,0
0,0.9999994,1
0,0.00028447236,0
0,4.0277902e-07,0
0,0.99997056,1
0,0.8064677,1
0,0.8516973,1
0,0.0033671805,0
0,0.9999795,1
0,0.99998367,1
0,0.35354745,0
0,0.00087159156,0
0,0.00032975167,0
0,0.99999905,1
0,0.00021154662,0
0,5.690346e-08,0
0,0.99964964,1
0,0.9999931,1
0,0.99956566,1
0,0.9999995,1
0,0.94999945,1
0,1.9112196e-05,0
0,8.3210925e-06,0
0,0.8289494,1
0,0.9999994,1
0,0.32953504,0
0,0.005269573,0
0,0.00024621008,0
0,2.2778197e-06,0
0,0.029494405,0
0,0.0005802465,0
0,9.084935e-06,0
0,0.84163195,1
0,0.0008128347,0
0,0.81911904,1
0,0.0012419363,0
0,0.0012482806,0
0,0.0004305737,0
0,0.99999785,1
0,1.2310649e-06,0
0,0.999995,1
0,4.592724e-05,0
0,0.9999316,1
0,0.11378825,0
0,1.1761786e-07,0
0,0.9999939,1
0,1.0844292e-05,0
0,0.0038434272,0
0,0.00017026484,0
0,0.9999982,1
0,1.6788073e-06,0
0,0.023117933,0
0,0.00074714987,0
0,8.4124695e-05,0
0,0.0001797983,0
0,5.962237e-06,0
0,0.008700582,0
0,9.161221e-05,0
0,0.00072478846,0
0,0.99998796,1
0,0.0017237697,0
0,0.00025465462,0
0,0.00020997356,0
0,2.7104616e-07,0
0,0.00029264877,0
0,4.8981114e-08,0
0,0.16764012,0
0,7.222244e-05,0
0,2.3376767e-06,0
0,0.555784,1
0,9.3395414e-05,0
0,0.003945656,0
0,0.99746895,1
0,0.0027364306,0
0,0.00026539218,0
0,0.003165454,0
0,4.5170796e-07,0
0,0.0002963914,0
0,0.9970656,1
0,0.9993741,1
0,0.0005509006,0
0,9.674689e-05,0
0,1.8227525e-05,0
0,0.024282774,0
0,1.313759e-05,0
0,0.4336184,0
0,0.13937777,0
0,0.11790162,0
0,0.11105396,0
0,0.4308689,0
0,0.00010990747,0
0,0.004403523,0
0,0.0017630408,0
0,0.9986582,1
0,0.99629325,1
0,2.24825e-07,0
0,1.1116826e-05,0
0,0.9998117,1
0,0.00018789235,0
0,0.0006399964,0
0,1.12284525e-07,0
0,0.7504555,1
0,0.9943019,1
0,1.0842881e-06,0
0,4.3926807e-06,0
0,0.9999722,1
0,0.02082349,0
0,3.4599492e-05,0
0,0.004069011,0
0,8.3645704e-05,0
0,0.9999262,1
0,0.00035290176,0
0,0.0017722978,0
0,0.012354845,0
0,0.5074831,1
0,3.9087644e-09,0
0,0.0010032654,0
0,0.9999925,1
0,2.8059041e-05,0
0,8.4961684e-05,0
0,7.616773e-09,0
0,1.0546054e-05,0
0,0.96407384,1
0,1.7665154e-07,0
0,0.0010562666,0
0,0.00012250952,0
0,5.8393136e-05,0
0,0.001117913,0
0,8.047766e-10,0
0,0.9478411,1
0,8.184359e-05,0
0,0.99998796,1
0,6.38247e-05,0
0,2.175892e-05,0
0,0.99895716,1
0,3.3744465e-07,0
0,0.0027879302,0
0,0.002846842,0
0,7.5305776e-05,0
0,0.001125637,0
0,0.99999964,1
0,3.2902956e-06,0
0,1.1840696e-06,0
0,0.99964714,1
0,0.0004790077,0
0,0.00019222549,0
0,0.0062400233,0
0,0.00068093906,0
0,0.026875155,0
0,6.6840956e-05,0
0,2.0926296e-07,0
0,0.99832255,1
0,0.9731855,1
0,0.0021039296,0
0,0.0002033087,0
0,1.49259495e-05,0
0,3.4965962e-07,0
0,0.9999418,1
0,5.744295e-05,0
0,3.4887846e-05,0
0,0.008607243,0
0,1.7765489e-06,0
0,9.9525205e-05,0
0,7.3066085e-06,0
0,8.252387e-06,0
0,0.9990551,1
0,0.008228647,0
0,0.9999987,1
0,0.0003579154,0
0,3.028156e-08,0
0,1.1609982e-06,0
0,0.0002625413,0
0,2.5985408e-08,0
0,1.2894221e-05,0
0,0.9909053,1
0,0.00031648276,0
0,0.99999547,1
0,0.0007957678,0
0,0.004099415,0
0,0.0049443436,0
0,0.9999887,1
0,0.9798147,1
0,0.9999852,1
0,1.7449727e-07,0
0,9.4437935e-05,0
0,0.03381165,0
0,0.0003327911,0
0,5.0553663e-05,0
0,0.07167347,0
0,8.674655e-07,0
0,0.0012734024,0
0,0.6729043,1
0,0.9179544,1
0,0.0068354565,0
0,5.1909075e-07,0
0,9.63598e-09,0
0,0.000680614,0
0,0.99999356,1
0,0.9999964,1
0,2.6722955e-07,0
0,0.9999999,1
0,0.9996866,1
0,0.9999927,1
0,0.082770094,0
0,0.5537232,1
0,0.00030239567,0
0,0.36071333,0
0,0.00046991737,0
0,0.0015663973,0
0,0.00022306578,0
0,0.0049203737,0
0,0.99992,1
0,0.99999344,1
0,0.9999958,1
0,0.0017278574,0
0,0.502552,1
0,0.9999826,1
0,0.999998,1
0,3.8143842e-08,0
0,0.0005482851,0
0,2.3900329e-08,0
0,1.058108e-07,0
0,0.0002681554,0
0,0.9999981,1
0,0.020893203,0
0,1.1762031e-05,0
0,6.4794413e-06,0
0,0.0009229234,0
0,0.00018648838,0
0,0.0031444528,0
0,0.00028838008,0
0,0.001350729,0
0,0.0014108892,0
0,9.803572e-05,0
0,0.00059578253,0
0,0.003947885,0
0,0.002452124,0
0,3.34233e-06,0
0,0.9999099,1
0,5.639969e-05,0
0,0.017161436,0
0,0.21377963,0
0,0.001132883,0
0,7.559786e-07,0
0,3.260488e-08,0
0,0.00010280965,0
0,0.0056495615,0
0,0.99999976,1
0,0.2432231,0
0,2.467648e-05,0
0,0.9999864,1
0,0.99986935,1
0,3.420499e-05,0
0,4.0888146e-05,0
0,0.999668,1
0,0.00012543089,0
0,0.40668577,0
0,6.2725367e-09,0
0,0.00012555918,0
0,0.0002400489,0
0,4.340534e-05,0
0,0.99675447,1
0,9.7262855e-05,0
0,0.0003114307,0
0,7.555706e-07,0
0,4.1173782e-05,0
0,0.0016055004,0
0,1.2087988e-06,0
0,0.00018387413,0
0,0.90544397,1
0,0.99999976,1
0,1.5007315e-06,0
0,0.00047940278,0
0,0.18049775,0
0,0.37052977,0
0,0.0004938673,0
0,5.0819704e-05,0
0,0.92275083,1
0,0.98798066,1
0,0.007359302,0
0,0.000687762,0
0,2.3855823e-06,0
0,0.9997644,1
0,0.4292537,0
0,4.3751527e-07,0
0,0.04148576,0
0,0.0001539838,0
0,0.0021117958,0
0,0.00048789615,0
0,0.0052194395,0
0,0.9783611,1
0,0.9999999,1
0,4.5642102e-07,0
0,2.5781378e-06,0
0,4.332189e-05,0
0,0.0002351522,0
0,0.99996746,1
0,0.000647277,0
0,4.5891516e-05,0
0,0.99379313,1
0,0.0073785624,0
0,0.21566607,0
0,0.002121305,0
0,5.4492194e-08,0
0,0.00049743743,0
0,0.0005561228,0
0,0.00017041671,0
0,0.0006405361,0
0,1.993997e-05,0
0,0.792284,1
0,0.0012140573,0
0,0.0010996902,0
0,9.042807e-05,0
0,1.6358646e-05,0
0,0.99999845,1
0,0.00035903495,0
0,0.0016700934,0
0,0.9999981,1
0,1.4556997e-06,0
0,2.0463398e-08,0
0,0.00025244654,0
0,0.00032509535,0
0,0.002289955,0
0,0.011492293,0
0,3.097803e-08,0
0,0.00085843215,0
0,4.5844932e-05,0
0,0.00032858676,0
0,0.00082141405,0
0,0.736749,1
0,2.2530953e-06,0
0,0.0035113215,0
0,0.023350358,0
0,0.00079238013,0
0,0.97558117,1
0,0.0006794358,0
0,0.00034992397,0
0,0.99999547,1
0,5.8626574e-07,0
0,0.0042783306,0
0,6.4112285e-08,0
0,5.162143e-05,0
0,0.9999988,1
0,0.00013048518,0
0,2.5720692e-07,0
0,0.89054066,1
0,0.16082895,0
0,0.9999999,1
0,0.00013369917,0
0,0.0001653036,0
0,0.0991748,0
0,0.9998011,1
0,6.627145e-05,0
0,1.0483162e-05,0
0,0.0041996846,0
0,0.000112433445,0
0,5.555479e-05,0
0,1.1543254e-06,0
0,0.99769896,1
0,0.00048418954,0
0,1.669392e-05,0
0,0.00028069413,0
0,0.005602864,0
0,0.0014418632,0
0,0.00010682255,0
0,2.2067616e-05,0
0,0.9999821,1
0,0.0008536392,0
0,0.99998724,1
0,0.6632678,1
0,0.0002983331,0
0,0.0013423191,0
0,0.9999976,1
0,0.9999987,1
0,1.18285225e-05,0
0,0.72037685,1
0,0.0014455313,0
0,0.99844754,1
0,0.21118751,0
0,7.894674e-05,0
0,0.9998324,1
0,0.123921275,0
0,1.0250066e-06,0
0,9.9955665e-05,0
0,0.3297943,0
0,0.99999917,1
0,0.99999857,1
0,0.0061867977,0
0,0.0049042096,0
0,9.627091e-05,0
0,0.00026365955,0
0,2.5529152e-06,0
0,0.9814435,1
0,0.9998447,1
0,0.41514972,0
0,4.308721e-05,0
0,8.020158e-05,0
0,0.010867869,0
0,0.99974805,1
0,1.928895e-05,0
0,0.8869197,1
0,0.9988758,1
0,0.018594794,0
0,0.999998,1
0,0.061805315,0
0,0.9999918,1
0,5.7079553e-05,0
0,0.9999976,1
0,7.183793e-05,0
0,5.0115123e-06,0
0,2.1902611e-05,0
0,1.2785877e-05,0
0,0.00046280515,0
0,8.960079e-06,0
0,0.92147785,1
0,6.873778e-07,0
0,4.4814888e-06,0
0,0.979982,1
0,7.341366e-07,0
0,0.11999862,0
0,0.9174472,1
0,1.358841e-05,0
0,0.015889129,0
0,0.008678501,0
0,0.9999995,1
0,2.0338983e-05,0
0,6.6773e-08,0
0,4.5668656e-08,0
0,0.0027153534,0
0,0.99999964,1
0,4.6944314e-07,0
0,0.0038584138,0
0,4.2987023e-05,0
0,0.9149693,1
0,0.02494026,0
0,9.681342e-05,0
0,0.9965758,1
0,0.9999801,1
0,8.6417276e-05,0
0,0.0026199603,0
0,0.00027704873,0
0,0.00011984323,0
0,0.0015165183,0
0,0.9999726,1
0,0.99999964,1
0,3.3026477e-06,0
0,0.117386654,0
0,0.9998752,1
0,0.0003403599,0
0,0.00015438192,0
0,5.066056e-05,0
0,7.1101163e-06,0
0,0.45079395,0
0,0.71682924,1
0,0.0007460404,0
0,0.00014672185,0
0,6.081235e-07,0
0,0.028957332,0
0,0.0024439134,0
0,0.9999962,1
0,6.527302e-06,0
0,0.26028708,0
0,0.9998741,1
0,0.9973231,1
0,0.009560343,0
0,0.99998796,1
0,0.000103143415,0
0,0.9898594,1
0,4.7298784e-07,0
0,0.99998057,1
0,0.9997818,1
0,8.997266e-06,0
0,3.5581254e-06,0
0,0.026542386,0
0,6.3394066e-07,0
0,0.9993424,1
0,2.7427254e-06,0
0,0.9963889,1
0,3.982945e-05,0
0,0.27643883,0
0,4.513003e-05,0
0,0.00017985866,0
0,0.99999917,1
0,0.999992,1
0,3.7934664e-05,0
0,3.7383177e-08,0
0,0.00076821644,0
0,6.831471e-05,0
0,4.3693264e-05,0
0,3.07009e-07,0
0,9.821521e-08,0
0,0.0021787984,0
0,0.9999393,1
0,3.6395473e-10,0
0,0.9999628,1
0,1.8947578e-05,0
0,3.657956e-05,0
0,1.1633973e-05,0
0,4.224737e-05,0
0,1.2394e-07,0
0,1.6557882e-05,0
0,0.99142903,1
0,0.99994624,1
0,3.865373e-06,0
0,5.1743223e-09,0
0,5.1070824e-08,0
0,0.99999964,1
0,1.9538868e-06,0
0,0.7690729,1
0,0.00015961364,0
0,1.5044061e-05,0
0,1.0631809e-09,0
0,0.99992955,1
0,8.01765e-05,0
0,0.08258932,0
0,1.1776366e-07,0
0,0.00010031498,0
0,0.81993484,1
0,1.1840144e-08,0
0,0.995141,1
0,0.00022980363,0
0,0.99998474,1
0,0.010988642,0
0,0.26129377,0
0,0.00061057863,0
0,0.8998729,1
0,0.0004269732,0
0,0.02171836,0
0,3.385399e-05,0
0,0.00043379253,0
0,0.24505271,0
0,7.04014e-06,0
0,0.99999976,1
0,0.000114892064,0
0,4.35303e-06,0
0,0.0037838612,0
0,6.808675e-05,0
0,1.5221563e-07,0
0,5.5939573e-08,0
0,6.7504065e-05,0
0,1.3878758e-06,0
0,1.0333611e-06,0
0,0.00043856827,0
0,0.061340608,0
0,4.887908e-05,0
0,0.0014699537,0
0,3.126012e-07,0
0,0.0009953282,0
0,4.8409445e-05,0
0,0.025488885,0
0,0.99982494,1
0,0.0071756383,0
0,6.756021e-05,0
0,0.99846953,1
0,8.115108e-07,0
0,0.077444926,0
0,0.99999976,1
0,8.860836e-06,0
0,0.9999999,1
0,2.2862369e-07,0
0,0.75372416,1
0,0.8136179,1
0,0.00026792692,0
0,1.5000138e-05,0
0,0.98834676,1
0,1.9824123e-08,0
0,0.8969331,1
0,2.0630052e-05,0
0,0.019015359,0
0,2.3616562e-05,0
0,2.6368434e-06,0
0,0.9999999,1
0,2.984736e-08,0
0,7.2041126e-05,0
0,0.001081623,0
0,1.5934478e-05,0
0,0.0011715535,0
0,0.0995735,0
0,0.0014264387,0
0,7.907732e-07,0
0,0.0007596891,0
0,0.9999957,1
0,0.0009485404,0
0,0.9855123,1
0,0.00016169112,0
0,0.004609253,0
0,4.0621257e-05,0
0,7.69895e-08,0
0,4.5903293e-05,0
0,0.0020378083,0
0,1.1153319e-07,0
0,5.58133e-06,0
0,0.8654276,1
0,0.9998765,1
0,0.9999361,1
0,1.6023532e-05,0
0,0.9177931,1
0,0.99999905,1
0,0.0028739653,0
0,0.052359402,0
0,7.540546e-07,0
0,8.37372e-06,0
0,5.2470193e-07,0
0,6.034399e-06,0
0,0.0017050552,0
0,1.6854658e-05,0
0,0.00011042917,0
0,0.9756826,1
0,6.9249894e-05,0
0,6.361191e-05,0
0,1.2286135e-05,0
0,3.8412967e-05,0
0,0.00018833789,0
0,7.698612e-05,0
0,2.4629833e-05,0
0,0.9998505,1
0,0.7436712,1
0,7.005335e-07,0
0,0.00028298513,0
0,0.82806027,1
0,0.28447747,0
0,1.9774376e-07,0
0,0.9990427,1
0,0.5894786,1
0,3.5252386e-05,0
0,1.1914168e-05,0
0,0.99154484,1
0,2.3105473e-05,0
0,0.99908614,1
0,0.09997069,0
0,0.024090014,0
0,0.00059527287,0
0,0.008405741,0
0,2.2737088e-09,0
0,0.9999683,1
0,1.3911321e-05,0
0,3.2942124e-05,0
0,2.0663249e-05,0
0,0.9999912,1
0,0.0017175268,0
0,0.9999949,1
0,1.4901076e-05,0
0,0.0011062647,0
0,0.001973561,0
0,0.00011856424,0
0,0.0044620484,0
0,0.00086218456,0
0,0.0053547383,0
0,0.00078201114,0
0,0.0057587693,0
0,0.00019147055,0
0,4.211395e-05,0
0,0.00018445485,0
0,1.0346745e-06,0
0,2.2700995e-06,0
0,0.7489074,1
0,0.03367905,0
0,8.065492e-05,0
0,2.832334e-05,0
0,0.00015080663,0
0,0.61412424,1
0,0.9999478,1
0,8.8831446e-05,0
0,0.0013632196,0
0,5.3333584e-05,0
0,1.7264823e-10,0
0,1.8073944e-08,0
0,0.70692223,1
0,0.0041887946,0
0,0.0044677584,0
0,0.010463092,0
0,0.8069539,1
0,0.0006431337,0
0,0.006312627,0
0,0.00017423705,0
0,0.00014614296,0
0,1.6497139e-05,0
0,0.9992636,1
0,0.7395044,1
0,0.0031798438,0
0,0.8511902,1
0,0.0016233603,0
0,0.01035951,0
0,0.00024901138,0
0,5.51518e-06,0
0,0.99999416,1
0,0.005412932,0
0,0.99760216,1
0,2.193855e-06,0
0,0.0010288664,0
0,8.035746e-06,0
0,0.0006038383,0
0,0.00453653,0
0,0.9999999,1
0,0.0008188195,0
0,7.789836e-08,0
0,0.4840383,0
0,5.1195537e-09,0
0,6.657581e-05,0
0,0.00042554532,0
0,0.020944735,0
0,0.0012363143,0
0,0.994449,1
0,0.0044680703,0
0,0.007844027,0
0,0.99886274,1
0,0.9999969,1
0,0.01998774,0
0,0.97588706,1
0,0.023447422,0
0,3.3510133e-07,0
0,2.5062105e-05,0
0,0.00046327658,0
0,0.99998105,1
0,0.49175054,0
0,0.9999999,1
0,2.082561e-06,0
0,0.00087818044,0
0,0.9967753,1
0,0.0008461649,0
0,4.6183285e-08,0
0,0.90761715,1
0,0.9993717,1
0,2.1621352e-07,0
0,0.99999976,1
0,2.9795696e-05,0
0,0.0022256782,0
0,0.00012990306,0
0,0.22692472,0
0,0.12879525,0
0,3.4446194e-07,0
0,0.95044106,1
0,0.009318611,0
0,0.002780675,0
0,4.4349996e-05,0
0,2.3135003e-06,0
0,0.99991226,1
0,0.00020928658,0
0,0.0689268,0
0,0.03416815,0
0,1.9448146e-06,0
0,0.9998908,1
0,0.00039670413,0
0,0.9986945,1
0,0.9999999,1
0,2.1576792e-05,0
0,0.9999361,1
0,0.0026196525,0
0,3.998762e-05,0
0,0.32774195,0
0,9.649586e-06,0
0,0.00018314939,0
0,4.3052376e-05,0
0,0.00023609775,0
0,0.75206107,1
0,5.9882225e-08,0
0,0.00011331204,0
0,4.15894e-05,0
0,0.028222699,0
0,0.014311292,0
0,0.9948255,1
0,8.13633e-05,0
0,0.8338645,1
0,0.19678353,0
0,0.9999337,1
0,0.0013906128,0
0,9.009277e-09,0
0,0.09737916,0
0,0.020873722,0
0,0.005837683,0
0,0.9996972,1
0,6.991929e-05,0
0,0.9828311,1
0,2.2235471e-07,0
0,0.9999958,1
0,0.5412904,1
0,1.39016665e-05,0
0,1.9778727e-06,0
0,1.0820811e-07,0
0,0.999998,1
0,0.94435,1
0,3.0990504e-05,0
0,0.0017195066,0
0,0.0003593486,0
0,3.1897227e-07,0
0,0.00033475217,0
0,0.00040112066,0
0,0.00086843385,0
0,5.9519034e-06,0
0,0.833252,1
0,2.2094673e-05,0
0,1.8807953e-06,0
0,2.2510721e-06,0
0,0.99785584,1
0,0.9953312,1
0,1.9823818e-05,0
0,0.017990414,0
0,0.0023974823,0
0,0.018088115,0
0,0.017276684,0
0,0.0001978585,0
0,6.4529186e-06,0
0,3.2354856e-07,0
0,1.3207549e-05,0
0,4.1651478e-05,0
0,6.289005e-07,0
0,4.3264998e-05,0
0,0.9999989,1
0,9.280849e-06,0
0,0.7646241,1
0,0.040909465,0
0,0.00026508214,0
0,0.0009165228,0
0,1.2032312e-08,0
0,0.00016944355,0
0,9.942884e-07,0
0,0.00012225361,0
0,0.9999988,1
0,0.017217545,0
0,0.00068398815,0
0,0.00024575603,0
0,6.010086e-09,0
0,7.400867e-05,0
0,2.2117947e-05,0
0,3.3949402e-07,0
0,0.9993332,1
0,0.0025148788,0
0,0.9310349,1
0,0.9999969,1
0,7.2047226e-07,0
0,0.00020267058,0
0,5.23635e-06,0
0,0.00024754752,0
0,0.002970579,0
0,0.29913607,0
0,0.0661772,0
0,0.006373166,0
0,2.8952902e-08,0
0,0.9987496,1
0,2.1826463e-05,0
0,5.090323e-05,0
0,0.9993616,1
0,6.075184e-08,0
0,3.4900306e-06,0
0,0.7530912,1
0,0.99822754,1
0,0.9999993,1
0,4.933031e-06,0
0,0.9995203,1
0,0.99992645,1
0,0.036440454,0
0,0.3278392,0
0,0.9736791,1
0,4.273552e-06,0
0,0.97612303,1
0,0.010237942,0
0,1.40848215e-05,0
0,0.99964845,1
0,0.0022017048,0
0,0.9984363,1
0,0.00016200256,0
0,0.9999995,1
0,0.025102068,0
0,3.9086135e-06,0
0,0.00012428175,0
0,0.999881,1
0,3.2102664e-05,0
0,0.00034520993,0
0,0.9954106,1
0,0.99994063,1
0,0.0008944921,0
0,0.00012052799,0
0,0.0011981894,0
0,1.287051e-05,0
0,0.0002089265,0
0,0.99999857,1
0,6.041594e-05,0
0,0.00024829732,0
0,0.00021247588,0
0,6.2371204e-05,0
0,0.020408202,0
0,0.99999607,1
0,0.013723881,0
0,3.2094185e-08,0
0,2.4551476e-09,0
0,0.9837932,1
0,5.2346382e-05,0
0,2.7802325e-09,0
0,0.9998043,1
0,0.0060131275,0
0,7.0792885e-05,0
0,0.1969618,0
0,0.99999774,1
0,0.9998369,1
0,0.00012971269,0
0,1.5413025e-05,0
0,0.00039163037,0
0,6.637873e-06,0
0,0.99999964,1
0,0.8760733,1
0,9.464268e-05,0
0,0.60646677,1
0,0.22483347,0
0,3.2309916e-05,0
0,4.1096897e-05,0
0,0.0025672428,0
0,0.9963492,1
0,0.99981326,1
0,0.9999995,1
0,0.00038596592,0
0,2.6768814e-07,0
0,1.9853956e-05,0
0,0.0031361564,0
0,0.99408084,1
0,0.00054258585,0
0,7.521763e-09,0
0,8.8376686e-07,0
0,0.9999622,1
0,0.60667783,1
0,0.99939907,1
0,0.9936813,1
0,0.009239091,0
0,4.4824674e-06,0
0,0.0001586589,0
0,1.0256693e-05,0
0,0.00012785448,0
0,1.1825939e-05,0
0,1.8795557e-05,0
0,0.9999616,1
0,0.0001724038,0
0,0.9905095,1
0,1.3488649e-06,0
0,0.9999999,1
0,0.0498153,0
0,9.4932675e-09,0
0,0.00029138118,0
0,0.0003750696,0
0,1.9799127e-06,0
0,0.99999976,1
0,9.536789e-05,0
0,1.49042735e-05,0
0,1.9349323e-05,0
0,8.293082e-07,0
0,1.2127027e-06,0
0,0.96324337,1
0,0.9927654,1
0,0.0011224962,0
0,0.043195847,0
0,9.050011e-05,0
0,0.9999795,1
0,0.00046916006,0
0,0.00016719967,0
0,0.99999774,1
0,0.99999905,1
0,0.0067754094,0
0,0.9999999,1
0,0.00060923386,0
0,0.00012884913,0
0,0.99998426,1
0,0.011690612,0
0,2.7822482e-05,0
0,0.99563545,1
0,0.00052800204,0
0,1.102431e-05,0
0,0.99999976,1
0,0.99947685,1
0,3.5563542e-06,0
0,3.013392e-07,0
0,0.99999964,1
0,0.95547056,1
0,1.904833e-05,0
0,0.21752994,0
0,0.9999068,1
0,8.2199935e-05,0
0,0.02430962,0
0,0.001943939,0
0,0.012888919,0
0,0.99999964,1
0,0.9999176,1
0,0.99999845,1
0,0.80964464,1
0,0.9999733,1
0,0.0005815263,0
0,1.5620291e-05,0
0,4.9277833e-06,0
